----CREACION USUARIO
CREATE USER examen IDENTIFIED BY prueba
DEFAULT TABLESPACE "USERS"
TEMPORARY TABLESPACE "TEMP";
grant connect, resource, create view, create materialized view to examen;




--------------tablas


CREATE TABLE BITACORA_CONTACTO
  (
    id_bitacora     INTEGER NOT NULL ,
    bit_fecha       DATE NOT NULL ,
    bit_descripcion VARCHAR2 (1000) NOT NULL ,
    bit_vigencia    CHAR (1) ,
    id_medio        INTEGER NOT NULL ,
    id_motivo       INTEGER NOT NULL ,
    cli_rut         INTEGER NOT NULL
  ) ;
ALTER TABLE BITACORA_CONTACTO ADD CONSTRAINT BITACORA_CONTACTO_PK PRIMARY KEY ( id_bitacora ) ;


CREATE TABLE CLIENTES
  (
    cli_rut              INTEGER NOT NULL ,
    cli_dv               CHAR (1) NOT NULL ,
    cli_nombre           VARCHAR2 (50) NOT NULL ,
    cli_apellido_paterno VARCHAR2 (50) NOT NULL ,
    cli_apellido_materno VARCHAR2 (50) ,
    cli_vigencia         CHAR (1) ,
    eje_rut              INTEGER NOT NULL
  ) ;
ALTER TABLE CLIENTES ADD CONSTRAINT CLIENTES_PK PRIMARY KEY ( cli_rut ) ;


CREATE TABLE EJECUTIVOS
  (
    eje_rut              INTEGER NOT NULL ,
    eje_dv               CHAR (1) NOT NULL ,
    eje_nombre           VARCHAR2 (50) NOT NULL ,
    eje_apellido_paterno VARCHAR2 (50) NOT NULL ,
    eje_apellido_materno VARCHAR2 (50) ,
    eje_vigencia         CHAR (1) ,
    jef_rut              INTEGER NOT NULL
  ) ;
ALTER TABLE EJECUTIVOS ADD CONSTRAINT EJECUTIVOS_PK PRIMARY KEY ( eje_rut ) ;


CREATE TABLE JEFES
  (
    jef_rut              INTEGER NOT NULL ,
    jef_dv               CHAR (1) NOT NULL ,
    jef_nombre           VARCHAR2 (50) NOT NULL ,
    jef_apellido_paterno VARCHAR2 (50) NOT NULL ,
    jef_apellido_materno VARCHAR2 (50) ,
    jef_vigencia         CHAR (1)
  ) ;
ALTER TABLE JEFES ADD CONSTRAINT JEFES_PK PRIMARY KEY ( jef_rut ) ;


CREATE TABLE MEDIO_CONTACTO
  (
    id_medio        INTEGER NOT NULL ,
    med_descripcion VARCHAR2 (50) NOT NULL ,
    med_vigencia    CHAR (1)
  ) ;
ALTER TABLE MEDIO_CONTACTO ADD CONSTRAINT MEDIO_CONTACTO_PK PRIMARY KEY ( id_medio ) ;


CREATE TABLE MOTIVOS
  (
    id_motivo       INTEGER NOT NULL ,
    mot_descripcion VARCHAR2 (50) NOT NULL ,
    mot_vigencia    CHAR (1)
  ) ;
ALTER TABLE MOTIVOS ADD CONSTRAINT MOTIVOS_PK PRIMARY KEY ( id_motivo ) ;


CREATE TABLE REGISTRO_LOG
  (
    id_log          INTEGER NOT NULL ,
    log_fecha       DATE ,
    log_descripcion VARCHAR2 (50) NOT NULL ,
    log_vigencia    CHAR (1) NOT NULL
  ) ;
ALTER TABLE REGISTRO_LOG ADD CONSTRAINT REGISTRO_LOG_PK PRIMARY KEY ( id_log ) ;


CREATE TABLE SUELDOS
  (
    id_sueldo      INTEGER NOT NULL ,
    sue_periodo    DATE NOT NULL ,
    sue_monto_base NUMBER (10,1) NOT NULL ,
    sue_comision   NUMBER (10,1) ,
    sue_vigencia   CHAR (1) ,
    eje_rut        INTEGER NOT NULL,
    sue_bono       NUMBER(10,1)
  ) ;
ALTER TABLE SUELDOS ADD CONSTRAINT SUELDOS_PK PRIMARY KEY ( id_sueldo ) ;

CREATE TABLE PAGO_EJECUTIVOS
  (
    pag_periodo             DATE NOT NULL ,
    pag_rut_ejecutivo       INTEGER NOT NULL,
    pag_sue_base            NUMBER(10,1) NOT NULL,
    pag_sue_comision        NUMBER (10,1) NOT NULL,
    pag_sue_bono            NUMBER (10,1) NOT NULL,
    pag_afp                 NUMBER (10,1) NOT NULL,
    pag_isapre              NUMBER (10,1) NOT NULL,
    pag_sue_total           NUMBER (10,1) NOT NULL
  ) ;
ALTER TABLE PAGO_EJECUTIVOS ADD CONSTRAINT PAGO_EJECUTIVOS_PK PRIMARY KEY (pag_periodo, pag_rut_ejecutivo ) ;

ALTER TABLE BITACORA_CONTACTO ADD CONSTRAINT BITCONTACTO_CLIENTES_FK FOREIGN KEY ( cli_rut ) REFERENCES CLIENTES ( cli_rut ) ;

ALTER TABLE BITACORA_CONTACTO ADD CONSTRAINT BITCONTACTO_MEDIO_CONTACTO_FK FOREIGN KEY ( id_medio ) REFERENCES MEDIO_CONTACTO ( id_medio ) ;

ALTER TABLE BITACORA_CONTACTO ADD CONSTRAINT BITCONTACTO_MOTIVOS_FK FOREIGN KEY ( id_motivo ) REFERENCES MOTIVOS ( id_motivo ) ;

ALTER TABLE CLIENTES ADD CONSTRAINT CLIENTES_EJECUTIVOS_FK FOREIGN KEY ( eje_rut ) REFERENCES EJECUTIVOS ( eje_rut ) ;

ALTER TABLE EJECUTIVOS ADD CONSTRAINT EJECUTIVOS_JEFES_FK FOREIGN KEY ( jef_rut ) REFERENCES JEFES ( jef_rut ) ;

ALTER TABLE SUELDOS ADD CONSTRAINT SUELDOS_EJECUTIVOS_FK FOREIGN KEY ( eje_rut ) REFERENCES EJECUTIVOS ( eje_rut ) ;

Insert into JEFES (JEF_RUT,JEF_DV,JEF_NOMBRE,JEF_APELLIDO_PATERNO,JEF_APELLIDO_MATERNO,JEF_VIGENCIA) values (21008809,'1','FELIPE','PEREZ','GREZ','1');
Insert into JEFES (JEF_RUT,JEF_DV,JEF_NOMBRE,JEF_APELLIDO_PATERNO,JEF_APELLIDO_MATERNO,JEF_VIGENCIA) values (23760411,'3','JORGE','SANZ','LOPEZ','1');
Insert into JEFES (JEF_RUT,JEF_DV,JEF_NOMBRE,JEF_APELLIDO_PATERNO,JEF_APELLIDO_MATERNO,JEF_VIGENCIA) values (18982963,'9','SUSANA','JIMENEZ','ALTAMIRANO','1');
Insert into JEFES (JEF_RUT,JEF_DV,JEF_NOMBRE,JEF_APELLIDO_PATERNO,JEF_APELLIDO_MATERNO,JEF_VIGENCIA) values (20930819,'3','CLAUDIA','GOMEZ','GONZALEZ','1');
Insert into JEFES (JEF_RUT,JEF_DV,JEF_NOMBRE,JEF_APELLIDO_PATERNO,JEF_APELLIDO_MATERNO,JEF_VIGENCIA) values (20920825,'3','VIVIANA','GODOY','GUTIERREZ','1');
Insert into JEFES (JEF_RUT,JEF_DV,JEF_NOMBRE,JEF_APELLIDO_PATERNO,JEF_APELLIDO_MATERNO,JEF_VIGENCIA) values (19880089,'9','FRANCISCO','AGUIRRE','GUERRERO','1');

Insert into EJECUTIVOS (EJE_RUT,EJE_DV,EJE_NOMBRE,EJE_APELLIDO_PATERNO,EJE_APELLIDO_MATERNO,EJE_VIGENCIA,JEF_RUT) values (18936554,'3','PAOLA ','SIEBERT','OJEDA','1',21008809);
Insert into EJECUTIVOS (EJE_RUT,EJE_DV,EJE_NOMBRE,EJE_APELLIDO_PATERNO,EJE_APELLIDO_MATERNO,EJE_VIGENCIA,JEF_RUT) values (22725177,'8','XIMENA','URRUTIA','PEREZ','1',21008809);
Insert into EJECUTIVOS (EJE_RUT,EJE_DV,EJE_NOMBRE,EJE_APELLIDO_PATERNO,EJE_APELLIDO_MATERNO,EJE_VIGENCIA,JEF_RUT) values (9043491,'8','FRANCISCA','CASTRO','CONTRERAS','1',21008809);
Insert into EJECUTIVOS (EJE_RUT,EJE_DV,EJE_NOMBRE,EJE_APELLIDO_PATERNO,EJE_APELLIDO_MATERNO,EJE_VIGENCIA,JEF_RUT) values (10105553,'1','ALICIA','SALDIVAR','SEPULVEDA','1',21008809);
Insert into EJECUTIVOS (EJE_RUT,EJE_DV,EJE_NOMBRE,EJE_APELLIDO_PATERNO,EJE_APELLIDO_MATERNO,EJE_VIGENCIA,JEF_RUT) values (14412582,'7','CARMEN','PEREZ','ARANCIBIA','1',23760411);
Insert into EJECUTIVOS (EJE_RUT,EJE_DV,EJE_NOMBRE,EJE_APELLIDO_PATERNO,EJE_APELLIDO_MATERNO,EJE_VIGENCIA,JEF_RUT) values (14439730,'4','ELSA','GOMEZ','ARAVENA','1',23760411);
Insert into EJECUTIVOS (EJE_RUT,EJE_DV,EJE_NOMBRE,EJE_APELLIDO_PATERNO,EJE_APELLIDO_MATERNO,EJE_VIGENCIA,JEF_RUT) values (5331148,'2','LIDIA','LOPEZ','ALVAREZ','1',23760411);
Insert into EJECUTIVOS (EJE_RUT,EJE_DV,EJE_NOMBRE,EJE_APELLIDO_PATERNO,EJE_APELLIDO_MATERNO,EJE_VIGENCIA,JEF_RUT) values (17613770,'3','MARIA','VALLADARES','CARCAMO','1',23760411);
Insert into EJECUTIVOS (EJE_RUT,EJE_DV,EJE_NOMBRE,EJE_APELLIDO_PATERNO,EJE_APELLIDO_MATERNO,EJE_VIGENCIA,JEF_RUT) values (6953740,'5','ELENA','OPAZO','SILVA','1',18982963);
Insert into EJECUTIVOS (EJE_RUT,EJE_DV,EJE_NOMBRE,EJE_APELLIDO_PATERNO,EJE_APELLIDO_MATERNO,EJE_VIGENCIA,JEF_RUT) values (14318610,'5','VALESKA','RIQUELME','CARVALLO','1',18982963);
Insert into EJECUTIVOS (EJE_RUT,EJE_DV,EJE_NOMBRE,EJE_APELLIDO_PATERNO,EJE_APELLIDO_MATERNO,EJE_VIGENCIA,JEF_RUT) values (18858542,'6','DENISSE','DIAZ','MIRANDA','1',18982963);
Insert into EJECUTIVOS (EJE_RUT,EJE_DV,EJE_NOMBRE,EJE_APELLIDO_PATERNO,EJE_APELLIDO_MATERNO,EJE_VIGENCIA,JEF_RUT) values (13386967,'0','CLAUDIA','KOHNERT','TOLOZA','1',18982963);
Insert into EJECUTIVOS (EJE_RUT,EJE_DV,EJE_NOMBRE,EJE_APELLIDO_PATERNO,EJE_APELLIDO_MATERNO,EJE_VIGENCIA,JEF_RUT) values (23552593,'3','SANDRA','HERNANDEZ','CAVIERES','1',20930819);
Insert into EJEcUTIVOS (EJE_RUT,EJE_DV,EJE_NOMBRE,EJE_APELLIDO_PATERNO,EJE_APELLIDO_MATERNO,EJE_VIGENCIA,JEF_RUT) values (9806691,'8','MARCIA','GUTIERREZ','URZUA','1',20930819);
Insert into EJECUTIVOS (EJE_RUT,EJE_DV,EJE_NOMBRE,EJE_APELLIDO_PATERNO,EJE_APELLIDO_MATERNO,EJE_VIGENCIA,JEF_RUT) values (11633656,'1','GIANNINA','AGUIRRE','GREZ','1',20930819);
Insert into EJECUTIVOS (EJE_RUT,EJE_DV,EJE_NOMBRE,EJE_APELLIDO_PATERNO,EJE_APELLIDO_MATERNO,EJE_VIGENCIA,JEF_RUT) values (10238016,'9','MARLENE','MONDEJA','BARROS','1',20930819);
Insert into EJECUTIVOS (EJE_RUT,EJE_DV,EJE_NOMBRE,EJE_APELLIDO_PATERNO,EJE_APELLIDO_MATERNO,EJE_VIGENCIA,JEF_RUT) values (23131860,'7','PAMELA','GUERRERO','DIAZ','1',20920825);
Insert into EJECUTIVOS (EJE_RUT,EJE_DV,EJE_NOMBRE,EJE_APELLIDO_PATERNO,EJE_APELLIDO_MATERNO,EJE_VIGENCIA,JEF_RUT) values (21242003,'4','KAREN','PRADENAS','MANDIOLA','1',20920825);
Insert into EJEcUTIVOS (EJE_RUT,EJE_DV,EJE_NOMBRE,EJE_APELLIDO_PATERNO,EJE_APELLIDO_MATERNO,EJE_VIGENCIA,JEF_RUT) values (8925537,'6','LORENA','FIGUEROA','RODRIGUEZ','1',20920825);
Insert into EJECUTIVOS (EJE_RUT,EJE_DV,EJE_NOMBRE,EJE_APELLIDO_PATERNO,EJE_APELLIDO_MATERNO,EJE_VIGENCIA,JEF_RUT) values (5802137,'7','ANA','LIBERONA','VALDES','1',20920825);
Insert into EJECUTIVOS (EJE_RUT,EJE_DV,EJE_NOMBRE,EJE_APELLIDO_PATERNO,EJE_APELLIDO_MATERNO,EJE_VIGENCIA,JEF_RUT) values (6175302,'8','MARTA','AGUILAR','BAQUEDANO','1',19880089);
Insert into EJECUTIVOS (EJE_RUT,EJE_DV,EJE_NOMBRE,EJE_APELLIDO_PATERNO,EJE_APELLIDO_MATERNO,EJE_VIGENCIA,JEF_RUT) values (14652456,'7','CAROLINA','PINO','MUÑOZ','1',19880089);
Insert into EJECUTIVOS (EJE_RUT,EJE_DV,EJE_NOMBRE,EJE_APELLIDO_PATERNO,EJE_APELLIDO_MATERNO,EJE_VIGENCIA,JEF_RUT) values (18181488,'8','VIVIANA','PRADA','ESCOBAR','1',19880089);
Insert into EJECUTIVOS (EJE_RUT,EJE_DV,EJE_NOMBRE,EJE_APELLIDO_PATERNO,EJE_APELLIDO_MATERNO,EJE_VIGENCIA,JEF_RUT) values (9334416,'2','JAVIERA','PEREIRA','ROA','1',19880089);
Insert into EJECUTIVOS (EJE_RUT,EJE_DV,EJE_NOMBRE,EJE_APELLIDO_PATERNO,EJE_APELLIDO_MATERNO,EJE_VIGENCIA,JEF_RUT) values (18068059,'4','KATHERINE','MORALES','QUIROZ','1',19880089);

Insert into CLIENTES (CLI_RUT,CLI_DV,CLI_NOMBRE,CLI_APELLIDO_PATERNO,CLI_APELLIDO_MATERNO,CLI_VIGENCIA,EJE_RUT) values (6868859,'0','ALICIA','OPAZO','RIQUELME','1',18936554);
Insert into CLIENTES (CLI_RUT,CLI_DV,CLI_NOMBRE,CLI_APELLIDO_PATERNO,CLI_APELLIDO_MATERNO,CLI_VIGENCIA,EJE_RUT) values (16044255,'7','STEPHANIE','DIAZ','KOHNERT','1',18936554);
Insert into CLIENTES (CLI_RUT,CLI_DV,CLI_NOMBRE,CLI_APELLIDO_PATERNO,CLI_APELLIDO_MATERNO,CLI_VIGENCIA,EJE_RUT) values (8948642,'4','SANDRA','ARIAS','PONCE','1',22725177);
Insert into CLIENTES (CLI_RUT,CLI_DV,CLI_NOMBRE,CLI_APELLIDO_PATERNO,CLI_APELLIDO_MATERNO,CLI_VIGENCIA,EJE_RUT) values (17046055,'3','MARCIA ','BENITEZ','SIERRA','1',9043491);
Insert into CLIENTES (CLI_RUT,CLI_DV,CLI_NOMBRE,CLI_APELLIDO_PATERNO,CLI_APELLIDO_MATERNO,CLI_VIGENCIA,EJE_RUT) values (13635211,'3','VALESKA','GODOY','ALTAMIRANO','1',10105553);
Insert into CLIENTES (CLI_RUT,CLI_DV,CLI_NOMBRE,CLI_APELLIDO_PATERNO,CLI_APELLIDO_MATERNO,CLI_VIGENCIA,EJE_RUT) values (16439752,'1','LUIS','ALVAREZ','PEREZ','1',10105553);
Insert into CLIENTES (CLI_RUT,CLI_DV,CLI_NOMBRE,CLI_APELLIDO_PATERNO,CLI_APELLIDO_MATERNO,CLI_VIGENCIA,EJE_RUT) values (21815820,'k','HERNAN','CASTRO','VALLADARES','1',14439730);
Insert into CLIENTES (CLI_RUT,CLI_DV,CLI_NOMBRE,CLI_APELLIDO_PATERNO,CLI_APELLIDO_MATERNO,CLI_VIGENCIA,EJE_RUT) values (16947140,'1','PAMELA','GATICA','MANDIOLA','1',14412582);
Insert into CLIENTES (CLI_RUT,CLI_DV,CLI_NOMBRE,CLI_APELLIDO_PATERNO,CLI_APELLIDO_MATERNO,CLI_VIGENCIA,EJE_RUT) values (14423721,'8','CLAUDIO','ARAVENA','ARANCIBIA','1',14439730);
Insert into CLIENTES (CLI_RUT,CLI_DV,CLI_NOMBRE,CLI_APELLIDO_PATERNO,CLI_APELLIDO_MATERNO,CLI_VIGENCIA,EJE_RUT) values (14405524,'1','CARLOS','HERNANDEZ','BARRA','1',14412582);
Insert into CLIENTES (CLI_RUT,CLI_DV,CLI_NOMBRE,CLI_APELLIDO_PATERNO,CLI_APELLIDO_MATERNO,CLI_VIGENCIA,EJE_RUT) values (9074608,'1','AXEL','HOGGER','GUZMAN','1',5331148);
Insert into CLIENTES (CLI_RUT,CLI_DV,CLI_NOMBRE,CLI_APELLIDO_PATERNO,CLI_APELLIDO_MATERNO,CLI_VIGENCIA,EJE_RUT) values (9053148,'4','ALVARO','MONCADA','RIQUELME','1',5331148);
Insert into CLIENTES (CLI_RUT,CLI_DV,CLI_NOMBRE,CLI_APELLIDO_PATERNO,CLI_APELLIDO_MATERNO,CLI_VIGENCIA,EJE_RUT) values (22424125,'9','NICOLÁS','BERMUDEZ','DOMINGUEZ','1',17613770);
Insert into CLIENTES (CLI_RUT,CLI_DV,CLI_NOMBRE,CLI_APELLIDO_PATERNO,CLI_APELLIDO_MATERNO,CLI_VIGENCIA,EJE_RUT) values (21037593,'7','ANDREA','GUAJARDO','LOPEZ','1',6953740);
Insert into CLIENTES (CLI_RUT,CLI_DV,CLI_NOMBRE,CLI_APELLIDO_PATERNO,CLI_APELLIDO_MATERNO,CLI_VIGENCIA,EJE_RUT) values (22176844,'2','SILVANA','DUARTE','VALENZUELA','1',14318610);
Insert into CLIENTES (CLI_RUT,CLI_DV,CLI_NOMBRE,CLI_APELLIDO_PATERNO,CLI_APELLIDO_MATERNO,CLI_VIGENCIA,EJE_RUT) values (7455785,'6','ANDREA','ROMERO','GUAJARDO','1',14318610);
Insert into CLIENTES (CLI_RUT,CLI_DV,CLI_NOMBRE,CLI_APELLIDO_PATERNO,CLI_APELLIDO_MATERNO,CLI_VIGENCIA,EJE_RUT) values (6889505,'7','JOAQUIN','GUTIERREZ','SALGADO','1',18858542);
Insert into CLIENTES (CLI_RUT,CLI_DV,CLI_NOMBRE,CLI_APELLIDO_PATERNO,CLI_APELLIDO_MATERNO,CLI_VIGENCIA,EJE_RUT) values (10534911,'4','CATALINA','AGUIRRE','PEREIRA','1',18858542);
Insert into CLIENTES (CLI_RUT,CLI_DV,CLI_NOMBRE,CLI_APELLIDO_PATERNO,CLI_APELLIDO_MATERNO,CLI_VIGENCIA,EJE_RUT) values (15583472,'2','RICARDO','FERNANDEZ','ARIAS','1',18858542);
Insert into CLIENTES (CLI_RUT,CLI_DV,CLI_NOMBRE,CLI_APELLIDO_PATERNO,CLI_APELLIDO_MATERNO,CLI_VIGENCIA,EJE_RUT) values (21454911,'5','JOSE MIGUEL','TOBAR','TAPIA','1',18858542);
Insert into CLIENTES (CLI_RUT,CLI_DV,CLI_NOMBRE,CLI_APELLIDO_PATERNO,CLI_APELLIDO_MATERNO,CLI_VIGENCIA,EJE_RUT) values (7467775,'4','FELIPE','GONZALEZ','MARIN','1',13386967);
Insert into CLIENTES (CLI_RUT,CLI_DV,CLI_NOMBRE,CLI_APELLIDO_PATERNO,CLI_APELLIDO_MATERNO,CLI_VIGENCIA,EJE_RUT) values (21281335,'4','ANTONELLA','ALVARADO','GUZMAN','1',23552593);
Insert into CLIENTES (CLI_RUT,CLI_DV,CLI_NOMBRE,CLI_APELLIDO_PATERNO,CLI_APELLIDO_MATERNO,CLI_VIGENCIA,EJE_RUT) values (14415535,'1','FABIOLA','MENESES','SILVA','1',10238016);
Insert into CLIENTES (CLI_RUT,CLI_DV,CLI_NOMBRE,CLI_APELLIDO_PATERNO,CLI_APELLIDO_MATERNO,CLI_VIGENCIA,EJE_RUT) values (7035297,'4','DORIS','FONSECA','ARREDONDO','1',9806691);
Insert into CLIENTES (CLI_RUT,CLI_DV,CLI_NOMBRE,CLI_APELLIDO_PATERNO,CLI_APELLIDO_MATERNO,CLI_VIGENCIA,EJE_RUT) values (22558061,'8','AMANDA','LIZANA','MARAMBIO','1',11633656);
Insert into CLIENTES (CLI_RUT,CLI_DV,CLI_NOMBRE,CLI_APELLIDO_PATERNO,CLI_APELLIDO_MATERNO,CLI_VIGENCIA,EJE_RUT) values (16000472,'k','ROBERTO','MENDEZ','GIRARDI','1',23131860);
Insert into CLIENTES (CLI_RUT,CLI_DV,CLI_NOMBRE,CLI_APELLIDO_PATERNO,CLI_APELLIDO_MATERNO,CLI_VIGENCIA,EJE_RUT) values (6433225,'2','BELEN','FIGUEROA','SEPULVEDA','1',23131860);
Insert into CLIENTES (CLI_RUT,CLI_DV,CLI_NOMBRE,CLI_APELLIDO_PATERNO,CLI_APELLIDO_MATERNO,CLI_VIGENCIA,EJE_RUT) values (6918258,'5','DENISSE','MARDONES','SMITH','1',21242003);
Insert into CLIENTES(CLI_RUT,CLI_DV,CLI_NOMBRE,CLI_APELLIDO_PATERNO,CLI_APELLIDO_MATERNO,CLI_VIGENCIA,EJE_RUT) values (7471610,'5','CLAUDIA','CASTILLO','CONTRERAS','1',21242003);
Insert into CLIENTES(CLI_RUT,CLI_DV,CLI_NOMBRE,CLI_APELLIDO_PATERNO,CLI_APELLIDO_MATERNO,CLI_VIGENCIA,EJE_RUT) values (23309886,'8','HECTOR','CONTRERAS','TOLOZA','1',21242003);
Insert into CLIENTES (CLI_RUT,CLI_DV,CLI_NOMBRE,CLI_APELLIDO_PATERNO,CLI_APELLIDO_MATERNO,CLI_VIGENCIA,EJE_RUT) values (8333032,'5','RODOLFO ','FRITZ','OTAROLA','1',8925537);
Insert into CLIENTES(CLI_RUT,CLI_DV,CLI_NOMBRE,CLI_APELLIDO_PATERNO,CLI_APELLIDO_MATERNO,CLI_VIGENCIA,EJE_RUT) values (20866869,'2','ANDRES','MORALES','CONTRERAS','1',5802137);
Insert into CLIENTES (CLI_RUT,CLI_DV,CLI_NOMBRE,CLI_APELLIDO_PATERNO,CLI_APELLIDO_MATERNO,CLI_VIGENCIA,EJE_RUT) values (22503814,'7','JULIAN','ARRIAGADA','LUJAN','1',5802137);
Insert into CLIENTES (CLI_RUT,CLI_DV,CLI_NOMBRE,CLI_APELLIDO_PATERNO,CLI_APELLIDO_MATERNO,CLI_VIGENCIA,EJE_RUT) values (20393064,'k','SEBASTIAN','MORENO','ABELLI','1',5802137);
Insert into CLIENTES (CLI_RUT,CLI_DV,CLI_NOMBRE,CLI_APELLIDO_PATERNO,CLI_APELLIDO_MATERNO,CLI_VIGENCIA,EJE_RUT) values (21300628,'2','LUIS','LUNA','JORQUERA','1',6175302);
Insert into CLIENTES (CLI_RUT,CLI_DV,CLI_NOMBRE,CLI_APELLIDO_PATERNO,CLI_APELLIDO_MATERNO,CLI_VIGENCIA,EJE_RUT) values (24617340,'0','KATHERINE','MUNOZ','ESTRADA','1',6175302);
Insert into CLIENTES  (CLI_RUT,CLI_DV,CLI_NOMBRE,CLI_APELLIDO_PATERNO,CLI_APELLIDO_MATERNO,CLI_VIGENCIA,EJE_RUT) values (9575920,'3','MARIA EUGENIA','ESCOBAR','LARRAIN','1',14652456);
Insert into CLIENTES (CLI_RUT,CLI_DV,CLI_NOMBRE,CLI_APELLIDO_PATERNO,CLI_APELLIDO_MATERNO,CLI_VIGENCIA,EJE_RUT) values (12173453,'2','VIVIANA','GALDAMES','GODOY','1',14652456);
Insert into CLIENTES  (CLI_RUT,CLI_DV,CLI_NOMBRE,CLI_APELLIDO_PATERNO,CLI_APELLIDO_MATERNO,CLI_VIGENCIA,EJE_RUT) values (18274953,'2','CAROLINA','SILVA','BLANCO','1',14652456);
Insert into CLIENTES (CLI_RUT,CLI_DV,CLI_NOMBRE,CLI_APELLIDO_PATERNO,CLI_APELLIDO_MATERNO,CLI_VIGENCIA,EJE_RUT) values (12362092,'5','SANDRA','AGUILAR','FALCON','1',18181488);
Insert into CLIENTES  (CLI_RUT,CLI_DV,CLI_NOMBRE,CLI_APELLIDO_PATERNO,CLI_APELLIDO_MATERNO,CLI_VIGENCIA,EJE_RUT) values (6604004,'6','CRISTIAN','RODRIGUEZ','VALDES','1',18181488);
Insert into CLIENTES (CLI_RUT,CLI_DV,CLI_NOMBRE,CLI_APELLIDO_PATERNO,CLI_APELLIDO_MATERNO,CLI_VIGENCIA,EJE_RUT) values (21713767,'5','RODRIGO','PARRA','BERNAL','1',18181488);
Insert into CLIENTES  (CLI_RUT,CLI_DV,CLI_NOMBRE,CLI_APELLIDO_PATERNO,CLI_APELLIDO_MATERNO,CLI_VIGENCIA,EJE_RUT) values (10964217,'7','PATRICIO','PRADENAS','VIDAL','1',18181488);
Insert into CLIENTES  (CLI_RUT,CLI_DV,CLI_NOMBRE,CLI_APELLIDO_PATERNO,CLI_APELLIDO_MATERNO,CLI_VIGENCIA,EJE_RUT) values (21425048,'9','SEBASTIAN','QUINTANA','BERRIOS','1',18181488);
Insert into CLIENTES  (CLI_RUT,CLI_DV,CLI_NOMBRE,CLI_APELLIDO_PATERNO,CLI_APELLIDO_MATERNO,CLI_VIGENCIA,EJE_RUT) values (6969889,'1','FERNANDO','BUGUEÑO','CARVAJAL','1',9334416);
Insert into CLIENTES  (CLI_RUT,CLI_DV,CLI_NOMBRE,CLI_APELLIDO_PATERNO,CLI_APELLIDO_MATERNO,CLI_VIGENCIA,EJE_RUT) values (21487945,'k','CARLOS','ROA','GUTIERREZ','1',9334416);
Insert into CLIENTES  (CLI_RUT,CLI_DV,CLI_NOMBRE,CLI_APELLIDO_PATERNO,CLI_APELLIDO_MATERNO,CLI_VIGENCIA,EJE_RUT) values (19348480,'8','SEBASTIAN','DIAZ','RETAMAL','1',9334416);
Insert into CLIENTES  (CLI_RUT,CLI_DV,CLI_NOMBRE,CLI_APELLIDO_PATERNO,CLI_APELLIDO_MATERNO,CLI_VIGENCIA,EJE_RUT) values (12084102,'5','JOSE MIGUEL','QUIROZ','CANDIA','1',18068059);
Insert into CLIENTES  (CLI_RUT,CLI_DV,CLI_NOMBRE,CLI_APELLIDO_PATERNO,CLI_APELLIDO_MATERNO,CLI_VIGENCIA,EJE_RUT) values (14286264,'6','ALEXIS','CONA','CONTRERAS','1',18068059);
Insert into CLIENTES  (CLI_RUT,CLI_DV,CLI_NOMBRE,CLI_APELLIDO_PATERNO,CLI_APELLIDO_MATERNO,CLI_VIGENCIA,EJE_RUT) values (17024034,'0','LEONARDO','DUARTE','AREVALO','1',18068059);

Insert into MEDIO_CONTACTO (ID_MEDIO,MED_DESCRIPCION,MED_VIGENCIA) values (1,'VISITA TERRENO','1');
Insert into MEDIO_CONTACTO(ID_MEDIO,MED_DESCRIPCION,MED_VIGENCIA) values (2,'TELEFONO OUT','1');
Insert into MEDIO_CONTACTO (ID_MEDIO,MED_DESCRIPCION,MED_VIGENCIA) values (3,'TELEFONO IN','1');
Insert into MEDIO_CONTACTO (ID_MEDIO,MED_DESCRIPCION,MED_VIGENCIA) values (4,'EMAIL OUT','1');
Insert into MEDIO_CONTACTO (ID_MEDIO,MED_DESCRIPCION,MED_VIGENCIA) values (5,'EMAIL IN ','1');
Insert into MEDIO_CONTACTO (ID_MEDIO,MED_DESCRIPCION,MED_VIGENCIA) values (6,'SUCURSAL','1');

Insert into MOTIVOS (ID_MOTIVO,MOT_DESCRIPCION,MOT_VIGENCIA) values (1,'ASESORIA','1');
Insert into MOTIVOS (ID_MOTIVO,MOT_DESCRIPCION,MOT_VIGENCIA) values (2,'CAMPAÑA VINCULACION','1');
Insert into MOTIVOS (ID_MOTIVO,MOT_DESCRIPCION,MOT_VIGENCIA) values (3,'OFERTA','1');

Insert into SUELDOS (ID_SUELDO,SUE_PERIODO,SUE_MONTO_BASE,SUE_COMISION,SUE_VIGENCIA,EJE_RUT,SUE_BONO) values (1,to_date('01/01/16','DD/MM/RR'),300000,60000,'1',18936554,50000);
Insert into SUELDOS (ID_SUELDO,SUE_PERIODO,SUE_MONTO_BASE,SUE_COMISION,SUE_VIGENCIA,EJE_RUT,SUE_BONO) values (2,to_date('01/01/16','DD/MM/RR'),300000,60000,'1',22725177,50000);
Insert into SUELDOS (ID_SUELDO,SUE_PERIODO,SUE_MONTO_BASE,SUE_COMISION,SUE_VIGENCIA,EJE_RUT,SUE_BONO) values (3,to_date('01/01/16','DD/MM/RR'),300000,60000,'1',9043491,50000);
Insert into SUELDOS (ID_SUELDO,SUE_PERIODO,SUE_MONTO_BASE,SUE_COMISION,SUE_VIGENCIA,EJE_RUT,SUE_BONO) values (4,to_date('01/01/16','DD/MM/RR'),300000,60000,'1',10105553,50000);
Insert into SUELDOS (ID_SUELDO,SUE_PERIODO,SUE_MONTO_BASE,SUE_COMISION,SUE_VIGENCIA,EJE_RUT,SUE_BONO) values (5,to_date('01/01/16','DD/MM/RR'),300000,60000,'1',14412582,50000);
Insert into SUELDOS (ID_SUELDO,SUE_PERIODO,SUE_MONTO_BASE,SUE_COMISION,SUE_VIGENCIA,EJE_RUT,SUE_BONO) values (6,to_date('01/01/16','DD/MM/RR'),300000,60000,'1',14439730,50000);
Insert into SUELDOS (ID_SUELDO,SUE_PERIODO,SUE_MONTO_BASE,SUE_COMISION,SUE_VIGENCIA,EJE_RUT,SUE_BONO) values (7,to_date('01/01/16','DD/MM/RR'),300000,60000,'1',5331148,50000);
Insert into SUELDOS (ID_SUELDO,SUE_PERIODO,SUE_MONTO_BASE,SUE_COMISION,SUE_VIGENCIA,EJE_RUT,SUE_BONO) values (8,to_date('01/01/16','DD/MM/RR'),300000,60000,'1',17613770,50000);
Insert into SUELDOS (ID_SUELDO,SUE_PERIODO,SUE_MONTO_BASE,SUE_COMISION,SUE_VIGENCIA,EJE_RUT,SUE_BONO) values (9,to_date('01/01/16','DD/MM/RR'),300000,60000,'1',6953740,50000);
Insert into SUELDOS (ID_SUELDO,SUE_PERIODO,SUE_MONTO_BASE,SUE_COMISION,SUE_VIGENCIA,EJE_RUT,SUE_BONO) values (10,to_date('01/01/16','DD/MM/RR'),300000,60000,'1',14318610,50000);
Insert into SUELDOS (ID_SUELDO,SUE_PERIODO,SUE_MONTO_BASE,SUE_COMISION,SUE_VIGENCIA,EJE_RUT,SUE_BONO) values (11,to_date('01/01/16','DD/MM/RR'),300000,60000,'1',18858542,50000);
Insert into SUELDOS (ID_SUELDO,SUE_PERIODO,SUE_MONTO_BASE,SUE_COMISION,SUE_VIGENCIA,EJE_RUT,SUE_BONO) values (12,to_date('01/01/16','DD/MM/RR'),300000,60000,'1',13386967,50000);
Insert into SUELDOS (ID_SUELDO,SUE_PERIODO,SUE_MONTO_BASE,SUE_COMISION,SUE_VIGENCIA,EJE_RUT,SUE_BONO) values (13,to_date('01/01/16','DD/MM/RR'),300000,60000,'1',23552593,50000);
Insert into SUELDOS (ID_SUELDO,SUE_PERIODO,SUE_MONTO_BASE,SUE_COMISION,SUE_VIGENCIA,EJE_RUT,SUE_BONO) values (14,to_date('01/01/16','DD/MM/RR'),300000,60000,'1',9806691,50000);
Insert into SUELDOS (ID_SUELDO,SUE_PERIODO,SUE_MONTO_BASE,SUE_COMISION,SUE_VIGENCIA,EJE_RUT,SUE_BONO) values (15,to_date('01/01/16','DD/MM/RR'),300000,60000,'1',11633656,50000);
Insert into SUELDOS (ID_SUELDO,SUE_PERIODO,SUE_MONTO_BASE,SUE_COMISION,SUE_VIGENCIA,EJE_RUT,SUE_BONO) values (16,to_date('01/01/16','DD/MM/RR'),450000,90000,'1',10238016,50000);
Insert into SUELDOS (ID_SUELDO,SUE_PERIODO,SUE_MONTO_BASE,SUE_COMISION,SUE_VIGENCIA,EJE_RUT,SUE_BONO) values (17,to_date('01/01/16','DD/MM/RR'),450000,90000,'1',23131860,50000);
Insert into SUELDOS (ID_SUELDO,SUE_PERIODO,SUE_MONTO_BASE,SUE_COMISION,SUE_VIGENCIA,EJE_RUT,SUE_BONO) values (18,to_date('01/01/16','DD/MM/RR'),450000,90000,'1',21242003,50000);
Insert into SUELDOS (ID_SUELDO,SUE_PERIODO,SUE_MONTO_BASE,SUE_COMISION,SUE_VIGENCIA,EJE_RUT,SUE_BONO) values (19,to_date('01/01/16','DD/MM/RR'),450000,90000,'1',8925537,50000);
Insert into SUELDOS (ID_SUELDO,SUE_PERIODO,SUE_MONTO_BASE,SUE_COMISION,SUE_VIGENCIA,EJE_RUT,SUE_BONO) values (20,to_date('01/01/16','DD/MM/RR'),450000,90000,'1',5802137,50000);
Insert into SUELDOS (ID_SUELDO,SUE_PERIODO,SUE_MONTO_BASE,SUE_COMISION,SUE_VIGENCIA,EJE_RUT,SUE_BONO) values (21,to_date('01/01/16','DD/MM/RR'),450000,90000,'1',6175302,50000);
Insert into SUELDOS (ID_SUELDO,SUE_PERIODO,SUE_MONTO_BASE,SUE_COMISION,SUE_VIGENCIA,EJE_RUT,SUE_BONO) values (22,to_date('01/01/16','DD/MM/RR'),450000,90000,'1',14652456,50000);
Insert into SUELDOS (ID_SUELDO,SUE_PERIODO,SUE_MONTO_BASE,SUE_COMISION,SUE_VIGENCIA,EJE_RUT,SUE_BONO) values (23,to_date('01/01/16','DD/MM/RR'),450000,90000,'1',18181488,50000);
Insert into SUELDOS (ID_SUELDO,SUE_PERIODO,SUE_MONTO_BASE,SUE_COMISION,SUE_VIGENCIA,EJE_RUT,SUE_BONO) values (24,to_date('01/01/16','DD/MM/RR'),450000,90000,'1',9334416,50000);
Insert into SUELDOS (ID_SUELDO,SUE_PERIODO,SUE_MONTO_BASE,SUE_COMISION,SUE_VIGENCIA,EJE_RUT,SUE_BONO) values (25,to_date('01/01/16','DD/MM/RR'),450000,90000,'1',18068059,50000);
Insert into SUELDOS (ID_SUELDO,SUE_PERIODO,SUE_MONTO_BASE,SUE_COMISION,SUE_VIGENCIA,EJE_RUT,SUE_BONO) values (26,to_date('01/02/16','DD/MM/RR'),300000,60000,'1',18936554,25000);
Insert into SUELDOS (ID_SUELDO,SUE_PERIODO,SUE_MONTO_BASE,SUE_COMISION,SUE_VIGENCIA,EJE_RUT,SUE_BONO) values (27,to_date('01/02/16','DD/MM/RR'),300000,60000,'1',22725177,25000);
Insert into SUELDOS (ID_SUELDO,SUE_PERIODO,SUE_MONTO_BASE,SUE_COMISION,SUE_VIGENCIA,EJE_RUT,SUE_BONO) values (28,to_date('01/02/16','DD/MM/RR'),300000,60000,'1',9043491,25000);
Insert into SUELDOS (ID_SUELDO,SUE_PERIODO,SUE_MONTO_BASE,SUE_COMISION,SUE_VIGENCIA,EJE_RUT,SUE_BONO) values (29,to_date('01/02/16','DD/MM/RR'),300000,60000,'1',10105553,25000);
Insert into SUELDOS (ID_SUELDO,SUE_PERIODO,SUE_MONTO_BASE,SUE_COMISION,SUE_VIGENCIA,EJE_RUT,SUE_BONO) values (30,to_date('01/02/16','DD/MM/RR'),300000,60000,'1',14412582,25000);
Insert into SUELDOS (ID_SUELDO,SUE_PERIODO,SUE_MONTO_BASE,SUE_COMISION,SUE_VIGENCIA,EJE_RUT,SUE_BONO) values (31,to_date('01/02/16','DD/MM/RR'),300000,60000,'1',14439730,25000);
Insert into SUELDOS (ID_SUELDO,SUE_PERIODO,SUE_MONTO_BASE,SUE_COMISION,SUE_VIGENCIA,EJE_RUT,SUE_BONO) values (32,to_date('01/02/16','DD/MM/RR'),300000,60000,'1',5331148,25000);
Insert into SUELDOS (ID_SUELDO,SUE_PERIODO,SUE_MONTO_BASE,SUE_COMISION,SUE_VIGENCIA,EJE_RUT,SUE_BONO) values (33,to_date('01/02/16','DD/MM/RR'),300000,60000,'1',17613770,25000);
Insert into SUELDOS (ID_SUELDO,SUE_PERIODO,SUE_MONTO_BASE,SUE_COMISION,SUE_VIGENCIA,EJE_RUT,SUE_BONO) values (34,to_date('01/02/16','DD/MM/RR'),300000,60000,'1',6953740,25000);
Insert into SUELDOS (ID_SUELDO,SUE_PERIODO,SUE_MONTO_BASE,SUE_COMISION,SUE_VIGENCIA,EJE_RUT,SUE_BONO) values (35,to_date('01/02/16','DD/MM/RR'),300000,60000,'1',14318610,25000);
Insert into SUELDOS (ID_SUELDO,SUE_PERIODO,SUE_MONTO_BASE,SUE_COMISION,SUE_VIGENCIA,EJE_RUT,SUE_BONO) values (36,to_date('01/02/16','DD/MM/RR'),300000,60000,'1',18858542,25000);
Insert into SUELDOS (ID_SUELDO,SUE_PERIODO,SUE_MONTO_BASE,SUE_COMISION,SUE_VIGENCIA,EJE_RUT,SUE_BONO) values (37,to_date('01/02/16','DD/MM/RR'),300000,60000,'1',13386967,25000);
Insert into SUELDOS (ID_SUELDO,SUE_PERIODO,SUE_MONTO_BASE,SUE_COMISION,SUE_VIGENCIA,EJE_RUT,SUE_BONO) values (38,to_date('01/02/16','DD/MM/RR'),300000,60000,'1',23552593,25000);
Insert into SUELDOS (ID_SUELDO,SUE_PERIODO,SUE_MONTO_BASE,SUE_COMISION,SUE_VIGENCIA,EJE_RUT,SUE_BONO) values (39,to_date('01/02/16','DD/MM/RR'),300000,60000,'1',9806691,25000);
Insert into SUELDOS (ID_SUELDO,SUE_PERIODO,SUE_MONTO_BASE,SUE_COMISION,SUE_VIGENCIA,EJE_RUT,SUE_BONO) values (40,to_date('01/02/16','DD/MM/RR'),300000,60000,'1',11633656,25000);
Insert into SUELDOS (ID_SUELDO,SUE_PERIODO,SUE_MONTO_BASE,SUE_COMISION,SUE_VIGENCIA,EJE_RUT,SUE_BONO) values (41,to_date('01/02/16','DD/MM/RR'),450000,90000,'1',10238016,25000);
Insert into SUELDOS (ID_SUELDO,SUE_PERIODO,SUE_MONTO_BASE,SUE_COMISION,SUE_VIGENCIA,EJE_RUT,SUE_BONO) values (42,to_date('01/02/16','DD/MM/RR'),450000,90000,'1',23131860,25000);
Insert into SUELDOS (ID_SUELDO,SUE_PERIODO,SUE_MONTO_BASE,SUE_COMISION,SUE_VIGENCIA,EJE_RUT,SUE_BONO) values (43,to_date('01/02/16','DD/MM/RR'),450000,90000,'1',21242003,25000);
Insert into SUELDOS (ID_SUELDO,SUE_PERIODO,SUE_MONTO_BASE,SUE_COMISION,SUE_VIGENCIA,EJE_RUT,SUE_BONO) values (44,to_date('01/02/16','DD/MM/RR'),450000,90000,'1',8925537,25000);
Insert into SUELDOS (ID_SUELDO,SUE_PERIODO,SUE_MONTO_BASE,SUE_COMISION,SUE_VIGENCIA,EJE_RUT,SUE_BONO) values (45,to_date('01/02/16','DD/MM/RR'),450000,90000,'1',5802137,25000);
Insert into SUELDOS (ID_SUELDO,SUE_PERIODO,SUE_MONTO_BASE,SUE_COMISION,SUE_VIGENCIA,EJE_RUT,SUE_BONO) values (46,to_date('01/02/16','DD/MM/RR'),450000,90000,'1',6175302,25000);
Insert into SUELDOS (ID_SUELDO,SUE_PERIODO,SUE_MONTO_BASE,SUE_COMISION,SUE_VIGENCIA,EJE_RUT,SUE_BONO) values (47,to_date('01/02/16','DD/MM/RR'),450000,90000,'1',14652456,25000);
Insert into SUELDOS (ID_SUELDO,SUE_PERIODO,SUE_MONTO_BASE,SUE_COMISION,SUE_VIGENCIA,EJE_RUT,SUE_BONO) values (48,to_date('01/02/16','DD/MM/RR'),450000,90000,'1',18181488,25000);
Insert into SUELDOS (ID_SUELDO,SUE_PERIODO,SUE_MONTO_BASE,SUE_COMISION,SUE_VIGENCIA,EJE_RUT,SUE_BONO) values (49,to_date('01/02/16','DD/MM/RR'),450000,90000,'1',9334416,25000);
Insert into SUELDOS (ID_SUELDO,SUE_PERIODO,SUE_MONTO_BASE,SUE_COMISION,SUE_VIGENCIA,EJE_RUT,SUE_BONO) values (50,to_date('01/02/16','DD/MM/RR'),450000,90000,'1',18068059,25000);
Insert into SUELDOS (ID_SUELDO,SUE_PERIODO,SUE_MONTO_BASE,SUE_COMISION,SUE_VIGENCIA,EJE_RUT,SUE_BONO) values (51,to_date('01/03/16','DD/MM/RR'),300000,60000,'1',18936554,45000);
Insert into SUELDOS (ID_SUELDO,SUE_PERIODO,SUE_MONTO_BASE,SUE_COMISION,SUE_VIGENCIA,EJE_RUT,SUE_BONO) values (52,to_date('01/03/16','DD/MM/RR'),300000,60000,'1',22725177,45000);
Insert into SUELDOS (ID_SUELDO,SUE_PERIODO,SUE_MONTO_BASE,SUE_COMISION,SUE_VIGENCIA,EJE_RUT,SUE_BONO) values (53,to_date('01/03/16','DD/MM/RR'),300000,60000,'1',9043491,45000);
Insert into SUELDOS (ID_SUELDO,SUE_PERIODO,SUE_MONTO_BASE,SUE_COMISION,SUE_VIGENCIA,EJE_RUT,SUE_BONO) values (54,to_date('01/03/16','DD/MM/RR'),300000,60000,'1',10105553,45000);
Insert into SUELDOS (ID_SUELDO,SUE_PERIODO,SUE_MONTO_BASE,SUE_COMISION,SUE_VIGENCIA,EJE_RUT,SUE_BONO) values (55,to_date('01/03/16','DD/MM/RR'),300000,60000,'1',14412582,45000);
Insert into SUELDOS (ID_SUELDO,SUE_PERIODO,SUE_MONTO_BASE,SUE_COMISION,SUE_VIGENCIA,EJE_RUT,SUE_BONO) values (56,to_date('01/03/16','DD/MM/RR'),300000,60000,'1',14439730,45000);
Insert into SUELDOS (ID_SUELDO,SUE_PERIODO,SUE_MONTO_BASE,SUE_COMISION,SUE_VIGENCIA,EJE_RUT,SUE_BONO) values (57,to_date('01/03/16','DD/MM/RR'),300000,60000,'1',5331148,45000);
Insert into SUELDOS (ID_SUELDO,SUE_PERIODO,SUE_MONTO_BASE,SUE_COMISION,SUE_VIGENCIA,EJE_RUT,SUE_BONO) values (58,to_date('01/03/16','DD/MM/RR'),300000,60000,'1',17613770,45000);
Insert into SUELDOS (ID_SUELDO,SUE_PERIODO,SUE_MONTO_BASE,SUE_COMISION,SUE_VIGENCIA,EJE_RUT,SUE_BONO) values (59,to_date('01/03/16','DD/MM/RR'),300000,60000,'1',6953740,45000);
Insert into SUELDOS (ID_SUELDO,SUE_PERIODO,SUE_MONTO_BASE,SUE_COMISION,SUE_VIGENCIA,EJE_RUT,SUE_BONO) values (60,to_date('01/03/16','DD/MM/RR'),300000,60000,'1',14318610,45000);
Insert into SUELDOS (ID_SUELDO,SUE_PERIODO,SUE_MONTO_BASE,SUE_COMISION,SUE_VIGENCIA,EJE_RUT,SUE_BONO) values (61,to_date('01/03/16','DD/MM/RR'),300000,60000,'1',18858542,45000);
Insert into SUELDOS (ID_SUELDO,SUE_PERIODO,SUE_MONTO_BASE,SUE_COMISION,SUE_VIGENCIA,EJE_RUT,SUE_BONO) values (62,to_date('01/03/16','DD/MM/RR'),300000,60000,'1',13386967,45000);
Insert into SUELDOS (ID_SUELDO,SUE_PERIODO,SUE_MONTO_BASE,SUE_COMISION,SUE_VIGENCIA,EJE_RUT,SUE_BONO) values (63,to_date('01/03/16','DD/MM/RR'),300000,60000,'1',23552593,45000);
Insert into SUELDOS (ID_SUELDO,SUE_PERIODO,SUE_MONTO_BASE,SUE_COMISION,SUE_VIGENCIA,EJE_RUT,SUE_BONO) values (64,to_date('01/03/16','DD/MM/RR'),300000,60000,'1',9806691,45000);
Insert into SUELDOS (ID_SUELDO,SUE_PERIODO,SUE_MONTO_BASE,SUE_COMISION,SUE_VIGENCIA,EJE_RUT,SUE_BONO) values (65,to_date('01/03/16','DD/MM/RR'),300000,60000,'1',11633656,45000);
Insert into SUELDOS (ID_SUELDO,SUE_PERIODO,SUE_MONTO_BASE,SUE_COMISION,SUE_VIGENCIA,EJE_RUT,SUE_BONO) values (66,to_date('01/03/16','DD/MM/RR'),450000,90000,'1',10238016,45000);
Insert into SUELDOS (ID_SUELDO,SUE_PERIODO,SUE_MONTO_BASE,SUE_COMISION,SUE_VIGENCIA,EJE_RUT,SUE_BONO) values (67,to_date('01/03/16','DD/MM/RR'),450000,90000,'1',23131860,45000);
Insert into SUELDOS (ID_SUELDO,SUE_PERIODO,SUE_MONTO_BASE,SUE_COMISION,SUE_VIGENCIA,EJE_RUT,SUE_BONO) values (68,to_date('01/03/16','DD/MM/RR'),450000,90000,'1',21242003,45000);
Insert into SUELDOS (ID_SUELDO,SUE_PERIODO,SUE_MONTO_BASE,SUE_COMISION,SUE_VIGENCIA,EJE_RUT,SUE_BONO) values (69,to_date('01/03/16','DD/MM/RR'),450000,90000,'1',8925537,45000);
Insert into SUELDOS (ID_SUELDO,SUE_PERIODO,SUE_MONTO_BASE,SUE_COMISION,SUE_VIGENCIA,EJE_RUT,SUE_BONO) values (70,to_date('01/03/16','DD/MM/RR'),450000,90000,'1',5802137,45000);
Insert into SUELDOS (ID_SUELDO,SUE_PERIODO,SUE_MONTO_BASE,SUE_COMISION,SUE_VIGENCIA,EJE_RUT,SUE_BONO) values (71,to_date('01/03/16','DD/MM/RR'),450000,90000,'1',6175302,45000);
Insert into SUELDOS (ID_SUELDO,SUE_PERIODO,SUE_MONTO_BASE,SUE_COMISION,SUE_VIGENCIA,EJE_RUT,SUE_BONO) values (72,to_date('01/03/16','DD/MM/RR'),450000,90000,'1',14652456,45000);
Insert into SUELDOS (ID_SUELDO,SUE_PERIODO,SUE_MONTO_BASE,SUE_COMISION,SUE_VIGENCIA,EJE_RUT,SUE_BONO) values (73,to_date('01/03/16','DD/MM/RR'),450000,90000,'1',18181488,45000);
Insert into SUELDOS (ID_SUELDO,SUE_PERIODO,SUE_MONTO_BASE,SUE_COMISION,SUE_VIGENCIA,EJE_RUT,SUE_BONO) values (74,to_date('01/03/16','DD/MM/RR'),450000,90000,'1',9334416,45000);
Insert into SUELDOS (ID_SUELDO,SUE_PERIODO,SUE_MONTO_BASE,SUE_COMISION,SUE_VIGENCIA,EJE_RUT,SUE_BONO) values (75,to_date('01/03/16','DD/MM/RR'),450000,90000,'1',18068059,45000);
Insert into SUELDOS (ID_SUELDO,SUE_PERIODO,SUE_MONTO_BASE,SUE_COMISION,SUE_VIGENCIA,EJE_RUT,SUE_BONO) values (76,to_date('01/04/16','DD/MM/RR'),300000,60000,'1',18936554,40000);
Insert into SUELDOS (ID_SUELDO,SUE_PERIODO,SUE_MONTO_BASE,SUE_COMISION,SUE_VIGENCIA,EJE_RUT,SUE_BONO) values (77,to_date('01/04/16','DD/MM/RR'),300000,60000,'1',22725177,40000);
Insert into SUELDOS (ID_SUELDO,SUE_PERIODO,SUE_MONTO_BASE,SUE_COMISION,SUE_VIGENCIA,EJE_RUT,SUE_BONO) values (78,to_date('01/04/16','DD/MM/RR'),300000,60000,'1',9043491,40000);
Insert into SUELDOS (ID_SUELDO,SUE_PERIODO,SUE_MONTO_BASE,SUE_COMISION,SUE_VIGENCIA,EJE_RUT,SUE_BONO) values (79,to_date('01/04/16','DD/MM/RR'),300000,60000,'1',10105553,40000);
Insert into SUELDOS (ID_SUELDO,SUE_PERIODO,SUE_MONTO_BASE,SUE_COMISION,SUE_VIGENCIA,EJE_RUT,SUE_BONO) values (80,to_date('01/04/16','DD/MM/RR'),300000,60000,'1',14412582,40000);
Insert into SUELDOS (ID_SUELDO,SUE_PERIODO,SUE_MONTO_BASE,SUE_COMISION,SUE_VIGENCIA,EJE_RUT,SUE_BONO) values (81,to_date('01/04/16','DD/MM/RR'),300000,60000,'1',14439730,40000);
Insert into SUELDOS (ID_SUELDO,SUE_PERIODO,SUE_MONTO_BASE,SUE_COMISION,SUE_VIGENCIA,EJE_RUT,SUE_BONO) values (82,to_date('01/04/16','DD/MM/RR'),300000,60000,'1',5331148,40000);
Insert into SUELDOS (ID_SUELDO,SUE_PERIODO,SUE_MONTO_BASE,SUE_COMISION,SUE_VIGENCIA,EJE_RUT,SUE_BONO) values (83,to_date('01/04/16','DD/MM/RR'),300000,60000,'1',17613770,40000);
Insert into SUELDOS (ID_SUELDO,SUE_PERIODO,SUE_MONTO_BASE,SUE_COMISION,SUE_VIGENCIA,EJE_RUT,SUE_BONO) values (84,to_date('01/04/16','DD/MM/RR'),300000,60000,'1',6953740,40000);
Insert into SUELDOS (ID_SUELDO,SUE_PERIODO,SUE_MONTO_BASE,SUE_COMISION,SUE_VIGENCIA,EJE_RUT,SUE_BONO) values (85,to_date('01/04/16','DD/MM/RR'),300000,60000,'1',14318610,40000);
Insert into SUELDOS (ID_SUELDO,SUE_PERIODO,SUE_MONTO_BASE,SUE_COMISION,SUE_VIGENCIA,EJE_RUT,SUE_BONO) values (86,to_date('01/04/16','DD/MM/RR'),300000,60000,'1',18858542,40000);
Insert into SUELDOS (ID_SUELDO,SUE_PERIODO,SUE_MONTO_BASE,SUE_COMISION,SUE_VIGENCIA,EJE_RUT,SUE_BONO) values (87,to_date('01/04/16','DD/MM/RR'),300000,60000,'1',13386967,40000);
Insert into SUELDOS (ID_SUELDO,SUE_PERIODO,SUE_MONTO_BASE,SUE_COMISION,SUE_VIGENCIA,EJE_RUT,SUE_BONO) values (88,to_date('01/04/16','DD/MM/RR'),300000,60000,'1',23552593,40000);
Insert into SUELDOS (ID_SUELDO,SUE_PERIODO,SUE_MONTO_BASE,SUE_COMISION,SUE_VIGENCIA,EJE_RUT,SUE_BONO) values (89,to_date('01/04/16','DD/MM/RR'),300000,60000,'1',9806691,40000);
Insert into SUELDOS (ID_SUELDO,SUE_PERIODO,SUE_MONTO_BASE,SUE_COMISION,SUE_VIGENCIA,EJE_RUT,SUE_BONO) values (90,to_date('01/04/16','DD/MM/RR'),300000,60000,'1',11633656,40000);
Insert into SUELDOS (ID_SUELDO,SUE_PERIODO,SUE_MONTO_BASE,SUE_COMISION,SUE_VIGENCIA,EJE_RUT,SUE_BONO) values (91,to_date('01/04/16','DD/MM/RR'),450000,90000,'1',10238016,40000);
Insert into SUELDOS (ID_SUELDO,SUE_PERIODO,SUE_MONTO_BASE,SUE_COMISION,SUE_VIGENCIA,EJE_RUT,SUE_BONO) values (92,to_date('01/04/16','DD/MM/RR'),450000,90000,'1',23131860,40000);
Insert into SUELDOS (ID_SUELDO,SUE_PERIODO,SUE_MONTO_BASE,SUE_COMISION,SUE_VIGENCIA,EJE_RUT,SUE_BONO) values (93,to_date('01/04/16','DD/MM/RR'),450000,90000,'1',21242003,40000);
Insert into SUELDOS (ID_SUELDO,SUE_PERIODO,SUE_MONTO_BASE,SUE_COMISION,SUE_VIGENCIA,EJE_RUT,SUE_BONO) values (94,to_date('01/04/16','DD/MM/RR'),450000,90000,'1',8925537,40000);
Insert into SUELDOS (ID_SUELDO,SUE_PERIODO,SUE_MONTO_BASE,SUE_COMISION,SUE_VIGENCIA,EJE_RUT,SUE_BONO) values (95,to_date('01/04/16','DD/MM/RR'),450000,90000,'1',5802137,40000);
Insert into SUELDOS (ID_SUELDO,SUE_PERIODO,SUE_MONTO_BASE,SUE_COMISION,SUE_VIGENCIA,EJE_RUT,SUE_BONO) values (96,to_date('01/04/16','DD/MM/RR'),450000,90000,'1',6175302,40000);
Insert into SUELDOS (ID_SUELDO,SUE_PERIODO,SUE_MONTO_BASE,SUE_COMISION,SUE_VIGENCIA,EJE_RUT,SUE_BONO) values (97,to_date('01/04/16','DD/MM/RR'),450000,90000,'1',14652456,40000);
Insert into SUELDOS (ID_SUELDO,SUE_PERIODO,SUE_MONTO_BASE,SUE_COMISION,SUE_VIGENCIA,EJE_RUT,SUE_BONO) values (98,to_date('01/04/16','DD/MM/RR'),450000,90000,'1',18181488,40000);
Insert into SUELDOS (ID_SUELDO,SUE_PERIODO,SUE_MONTO_BASE,SUE_COMISION,SUE_VIGENCIA,EJE_RUT,SUE_BONO) values (99,to_date('01/04/16','DD/MM/RR'),450000,90000,'1',9334416,40000);
Insert into SUELDOS (ID_SUELDO,SUE_PERIODO,SUE_MONTO_BASE,SUE_COMISION,SUE_VIGENCIA,EJE_RUT,SUE_BONO) values (100,to_date('01/04/16','DD/MM/RR'),450000,90000,'1',18068059,40000);

Insert into BITACORA_CONTACTO (ID_BITACORA,BIT_FECHA,BIT_DESCRIPCION,BIT_VIGENCIA,ID_MEDIO,ID_MOTIVO,CLI_RUT) values (1,to_date('02/11/15','DD/MM/RR'),'REGISTRO BITACORA 1','1',1,1,6868859);
Insert into BITACORA_CONTACTO (ID_BITACORA,BIT_FECHA,BIT_DESCRIPCION,BIT_VIGENCIA,ID_MEDIO,ID_MOTIVO,CLI_RUT) values (2,to_date('02/11/15','DD/MM/RR'),'REGISTRO BITACORA 2','1',2,2,16044255);
Insert into BITACORA_CONTACTO (ID_BITACORA,BIT_FECHA,BIT_DESCRIPCION,BIT_VIGENCIA,ID_MEDIO,ID_MOTIVO,CLI_RUT) values (3,to_date('02/07/15','DD/MM/RR'),'REGISTRO BITACORA 3','1',3,3,8948642);
Insert into BITACORA_CONTACTO (ID_BITACORA,BIT_FECHA,BIT_DESCRIPCION,BIT_VIGENCIA,ID_MEDIO,ID_MOTIVO,CLI_RUT) values (4,to_date('02/07/15','DD/MM/RR'),'REGISTRO BITACORA 4','1',4,1,17046055);
Insert into BITACORA_CONTACTO (ID_BITACORA,BIT_FECHA,BIT_DESCRIPCION,BIT_VIGENCIA,ID_MEDIO,ID_MOTIVO,CLI_RUT) values (5,to_date('02/11/15','DD/MM/RR'),'REGISTRO BITACORA 5','1',5,2,13635211);
Insert into BITACORA_CONTACTO (ID_BITACORA,BIT_FECHA,BIT_DESCRIPCION,BIT_VIGENCIA,ID_MEDIO,ID_MOTIVO,CLI_RUT) values (6,to_date('02/11/15','DD/MM/RR'),'REGISTRO BITACORA 6','1',6,3,16439752);
Insert into BITACORA_CONTACTO (ID_BITACORA,BIT_FECHA,BIT_DESCRIPCION,BIT_VIGENCIA,ID_MEDIO,ID_MOTIVO,CLI_RUT) values (7,to_date('02/11/15','DD/MM/RR'),'REGISTRO BITACORA 7','1',1,1,21815820);
Insert into BITACORA_CONTACTO (ID_BITACORA,BIT_FECHA,BIT_DESCRIPCION,BIT_VIGENCIA,ID_MEDIO,ID_MOTIVO,CLI_RUT) values (8,to_date('02/11/15','DD/MM/RR'),'REGISTRO BITACORA 8','1',2,2,16947140);
Insert into BITACORA_CONTACTO (ID_BITACORA,BIT_FECHA,BIT_DESCRIPCION,BIT_VIGENCIA,ID_MEDIO,ID_MOTIVO,CLI_RUT) values (9,to_date('02/11/15','DD/MM/RR'),'REGISTRO BITACORA 9','1',3,3,14423721);
Insert into BITACORA_CONTACTO (ID_BITACORA,BIT_FECHA,BIT_DESCRIPCION,BIT_VIGENCIA,ID_MEDIO,ID_MOTIVO,CLI_RUT) values (10,to_date('02/09/15','DD/MM/RR'),'REGISTRO BITACORA 10','1',4,1,14405524);
Insert into BITACORA_CONTACTO (ID_BITACORA,BIT_FECHA,BIT_DESCRIPCION,BIT_VIGENCIA,ID_MEDIO,ID_MOTIVO,CLI_RUT) values (11,to_date('02/09/15','DD/MM/RR'),'REGISTRO BITACORA 11','1',5,2,9074608);
Insert into BITACORA_CONTACTO (ID_BITACORA,BIT_FECHA,BIT_DESCRIPCION,BIT_VIGENCIA,ID_MEDIO,ID_MOTIVO,CLI_RUT) values (12,to_date('02/09/15','DD/MM/RR'),'REGISTRO BITACORA 12','1',6,3,9053148);
Insert into BITACORA_CONTACTO (ID_BITACORA,BIT_FECHA,BIT_DESCRIPCION,BIT_VIGENCIA,ID_MEDIO,ID_MOTIVO,CLI_RUT) values (13,to_date('02/09/15','DD/MM/RR'),'REGISTRO BITACORA 13','1',1,1,22424125);
Insert into BITACORA_CONTACTO (ID_BITACORA,BIT_FECHA,BIT_DESCRIPCION,BIT_VIGENCIA,ID_MEDIO,ID_MOTIVO,CLI_RUT) values (14,to_date('02/09/15','DD/MM/RR'),'REGISTRO BITACORA 14','1',2,2,21037593);
Insert into BITACORA_CONTACTO (ID_BITACORA,BIT_FECHA,BIT_DESCRIPCION,BIT_VIGENCIA,ID_MEDIO,ID_MOTIVO,CLI_RUT) values (15,to_date('02/09/15','DD/MM/RR'),'REGISTRO BITACORA 15','1',3,3,22176844);
Insert into BITACORA_CONTACTO (ID_BITACORA,BIT_FECHA,BIT_DESCRIPCION,BIT_VIGENCIA,ID_MEDIO,ID_MOTIVO,CLI_RUT) values (16,to_date('02/09/15','DD/MM/RR'),'REGISTRO BITACORA 16','1',4,1,7455785);
Insert into BITACORA_CONTACTO (ID_BITACORA,BIT_FECHA,BIT_DESCRIPCION,BIT_VIGENCIA,ID_MEDIO,ID_MOTIVO,CLI_RUT) values (17,to_date('02/09/15','DD/MM/RR'),'REGISTRO BITACORA 17','1',5,2,6889505);
Insert into BITACORA_CONTACTO (ID_BITACORA,BIT_FECHA,BIT_DESCRIPCION,BIT_VIGENCIA,ID_MEDIO,ID_MOTIVO,CLI_RUT) values (18,to_date('02/09/15','DD/MM/RR'),'REGISTRO BITACORA 18','1',6,3,10534911);
Insert into BITACORA_CONTACTO (ID_BITACORA,BIT_FECHA,BIT_DESCRIPCION,BIT_VIGENCIA,ID_MEDIO,ID_MOTIVO,CLI_RUT) values (19,to_date('02/11/15','DD/MM/RR'),'REGISTRO BITACORA 19','1',1,1,15583472);
Insert into BITACORA_CONTACTO (ID_BITACORA,BIT_FECHA,BIT_DESCRIPCION,BIT_VIGENCIA,ID_MEDIO,ID_MOTIVO,CLI_RUT) values (20,to_date('02/11/15','DD/MM/RR'),'REGISTRO BITACORA 20','1',2,2,21454911);
Insert into BITACORA_CONTACTO (ID_BITACORA,BIT_FECHA,BIT_DESCRIPCION,BIT_VIGENCIA,ID_MEDIO,ID_MOTIVO,CLI_RUT) values (21,to_date('02/05/15','DD/MM/RR'),'REGISTRO BITACORA 21','1',3,3,7467775);
Insert into BITACORA_CONTACTO (ID_BITACORA,BIT_FECHA,BIT_DESCRIPCION,BIT_VIGENCIA,ID_MEDIO,ID_MOTIVO,CLI_RUT) values (22,to_date('02/05/15','DD/MM/RR'),'REGISTRO BITACORA 22','1',4,1,21281335);
Insert into BITACORA_CONTACTO (ID_BITACORA,BIT_FECHA,BIT_DESCRIPCION,BIT_VIGENCIA,ID_MEDIO,ID_MOTIVO,CLI_RUT) values (23,to_date('02/05/15','DD/MM/RR'),'REGISTRO BITACORA 23','1',5,2,14415535);
Insert into BITACORA_CONTACTO (ID_BITACORA,BIT_FECHA,BIT_DESCRIPCION,BIT_VIGENCIA,ID_MEDIO,ID_MOTIVO,CLI_RUT) values (24,to_date('02/11/15','DD/MM/RR'),'REGISTRO BITACORA 24','1',6,3,7035297);
Insert into BITACORA_CONTACTO (ID_BITACORA,BIT_FECHA,BIT_DESCRIPCION,BIT_VIGENCIA,ID_MEDIO,ID_MOTIVO,CLI_RUT) values (25,to_date('02/11/15','DD/MM/RR'),'REGISTRO BITACORA 25','1',1,1,22558061);
Insert into BITACORA_CONTACTO (ID_BITACORA,BIT_FECHA,BIT_DESCRIPCION,BIT_VIGENCIA,ID_MEDIO,ID_MOTIVO,CLI_RUT) values (26,to_date('02/11/15','DD/MM/RR'),'REGISTRO BITACORA 26','1',2,2,16000472);
Insert into BITACORA_CONTACTO (ID_BITACORA,BIT_FECHA,BIT_DESCRIPCION,BIT_VIGENCIA,ID_MEDIO,ID_MOTIVO,CLI_RUT) values (27,to_date('02/11/15','DD/MM/RR'),'REGISTRO BITACORA 27','1',3,3,6433225);
Insert into BITACORA_CONTACTO (ID_BITACORA,BIT_FECHA,BIT_DESCRIPCION,BIT_VIGENCIA,ID_MEDIO,ID_MOTIVO,CLI_RUT) values (28,to_date('02/10/15','DD/MM/RR'),'REGISTRO BITACORA 28','1',4,1,6918258);
Insert into BITACORA_CONTACTO (ID_BITACORA,BIT_FECHA,BIT_DESCRIPCION,BIT_VIGENCIA,ID_MEDIO,ID_MOTIVO,CLI_RUT) values (29,to_date('02/10/15','DD/MM/RR'),'REGISTRO BITACORA 29','1',5,2,7471610);
Insert into BITACORA_CONTACTO (ID_BITACORA,BIT_FECHA,BIT_DESCRIPCION,BIT_VIGENCIA,ID_MEDIO,ID_MOTIVO,CLI_RUT) values (30,to_date('02/10/15','DD/MM/RR'),'REGISTRO BITACORA 30','1',6,3,23309886);
Insert into BITACORA_CONTACTO (ID_BITACORA,BIT_FECHA,BIT_DESCRIPCION,BIT_VIGENCIA,ID_MEDIO,ID_MOTIVO,CLI_RUT) values (31,to_date('02/10/15','DD/MM/RR'),'REGISTRO BITACORA 31','1',1,1,8333032);
Insert into BITACORA_CONTACTO (ID_BITACORA,BIT_FECHA,BIT_DESCRIPCION,BIT_VIGENCIA,ID_MEDIO,ID_MOTIVO,CLI_RUT) values (32,to_date('02/11/15','DD/MM/RR'),'REGISTRO BITACORA 32','1',2,2,20866869);
Insert into BITACORA_CONTACTO (ID_BITACORA,BIT_FECHA,BIT_DESCRIPCION,BIT_VIGENCIA,ID_MEDIO,ID_MOTIVO,CLI_RUT) values (33,to_date('02/11/15','DD/MM/RR'),'REGISTRO BITACORA 33','1',3,3,22503814);
Insert into BITACORA_CONTACTO (ID_BITACORA,BIT_FECHA,BIT_DESCRIPCION,BIT_VIGENCIA,ID_MEDIO,ID_MOTIVO,CLI_RUT) values (34,to_date('02/11/15','DD/MM/RR'),'REGISTRO BITACORA 34','1',4,1,20393064);
Insert into BITACORA_CONTACTO (ID_BITACORA,BIT_FECHA,BIT_DESCRIPCION,BIT_VIGENCIA,ID_MEDIO,ID_MOTIVO,CLI_RUT) values (35,to_date('02/11/15','DD/MM/RR'),'REGISTRO BITACORA 35','1',5,2,21300628);
Insert into BITACORA_CONTACTO (ID_BITACORA,BIT_FECHA,BIT_DESCRIPCION,BIT_VIGENCIA,ID_MEDIO,ID_MOTIVO,CLI_RUT) values (36,to_date('02/11/15','DD/MM/RR'),'REGISTRO BITACORA 36','1',6,3,24617340);
Insert into BITACORA_CONTACTO (ID_BITACORA,BIT_FECHA,BIT_DESCRIPCION,BIT_VIGENCIA,ID_MEDIO,ID_MOTIVO,CLI_RUT) values (37,to_date('02/11/15','DD/MM/RR'),'REGISTRO BITACORA 37','1',1,1,9575920);
Insert into BITACORA_CONTACTO (ID_BITACORA,BIT_FECHA,BIT_DESCRIPCION,BIT_VIGENCIA,ID_MEDIO,ID_MOTIVO,CLI_RUT) values (38,to_date('02/11/15','DD/MM/RR'),'REGISTRO BITACORA 38','1',2,2,12173453);
Insert into BITACORA_CONTACTO (ID_BITACORA,BIT_FECHA,BIT_DESCRIPCION,BIT_VIGENCIA,ID_MEDIO,ID_MOTIVO,CLI_RUT) values (39,to_date('02/11/15','DD/MM/RR'),'REGISTRO BITACORA 39','1',3,3,18274953);
Insert into BITACORA_CONTACTO (ID_BITACORA,BIT_FECHA,BIT_DESCRIPCION,BIT_VIGENCIA,ID_MEDIO,ID_MOTIVO,CLI_RUT) values (40,to_date('02/08/15','DD/MM/RR'),'REGISTRO BITACORA 40','1',4,1,12362092);
Insert into BITACORA_CONTACTO (ID_BITACORA,BIT_FECHA,BIT_DESCRIPCION,BIT_VIGENCIA,ID_MEDIO,ID_MOTIVO,CLI_RUT) values (41,to_date('02/08/15','DD/MM/RR'),'REGISTRO BITACORA 41','1',5,2,6604004);
Insert into BITACORA_CONTACTO (ID_BITACORA,BIT_FECHA,BIT_DESCRIPCION,BIT_VIGENCIA,ID_MEDIO,ID_MOTIVO,CLI_RUT) values (42,to_date('02/08/15','DD/MM/RR'),'REGISTRO BITACORA 42','1',6,3,21713767);
Insert into BITACORA_CONTACTO (ID_BITACORA,BIT_FECHA,BIT_DESCRIPCION,BIT_VIGENCIA,ID_MEDIO,ID_MOTIVO,CLI_RUT) values (43,to_date('02/11/15','DD/MM/RR'),'REGISTRO BITACORA 43','1',1,1,10964217);
Insert into BITACORA_CONTACTO (ID_BITACORA,BIT_FECHA,BIT_DESCRIPCION,BIT_VIGENCIA,ID_MEDIO,ID_MOTIVO,CLI_RUT) values (44,to_date('02/11/15','DD/MM/RR'),'REGISTRO BITACORA 44','1',2,2,21425048);
Insert into BITACORA_CONTACTO (ID_BITACORA,BIT_FECHA,BIT_DESCRIPCION,BIT_VIGENCIA,ID_MEDIO,ID_MOTIVO,CLI_RUT) values (45,to_date('02/11/15','DD/MM/RR'),'REGISTRO BITACORA 45','1',3,3,6969889);
Insert into BITACORA_CONTACTO (ID_BITACORA,BIT_FECHA,BIT_DESCRIPCION,BIT_VIGENCIA,ID_MEDIO,ID_MOTIVO,CLI_RUT) values (46,to_date('02/11/15','DD/MM/RR'),'REGISTRO BITACORA 46','1',4,1,21487945);
Insert into BITACORA_CONTACTO (ID_BITACORA,BIT_FECHA,BIT_DESCRIPCION,BIT_VIGENCIA,ID_MEDIO,ID_MOTIVO,CLI_RUT) values (47,to_date('02/11/15','DD/MM/RR'),'REGISTRO BITACORA 47','1',5,2,19348480);
Insert into BITACORA_CONTACTO (ID_BITACORA,BIT_FECHA,BIT_DESCRIPCION,BIT_VIGENCIA,ID_MEDIO,ID_MOTIVO,CLI_RUT) values (48,to_date('02/11/15','DD/MM/RR'),'REGISTRO BITACORA 48','1',6,3,12084102);
Insert into BITACORA_CONTACTO (ID_BITACORA,BIT_FECHA,BIT_DESCRIPCION,BIT_VIGENCIA,ID_MEDIO,ID_MOTIVO,CLI_RUT) values (49,to_date('02/03/15','DD/MM/RR'),'REGISTRO BITACORA 49','1',1,1,14286264);
Insert into BITACORA_CONTACTO (ID_BITACORA,BIT_FECHA,BIT_DESCRIPCION,BIT_VIGENCIA,ID_MEDIO,ID_MOTIVO,CLI_RUT) values (50,to_date('02/03/15','DD/MM/RR'),'REGISTRO BITACORA 50','1',2,2,17024034);
Insert into BITACORA_CONTACTO (ID_BITACORA,BIT_FECHA,BIT_DESCRIPCION,BIT_VIGENCIA,ID_MEDIO,ID_MOTIVO,CLI_RUT) values (51,to_date('02/10/15','DD/MM/RR'),'REGISTRO BITACORA 1','1',3,3,6868859);
Insert into BITACORA_CONTACTO (ID_BITACORA,BIT_FECHA,BIT_DESCRIPCION,BIT_VIGENCIA,ID_MEDIO,ID_MOTIVO,CLI_RUT) values (52,to_date('02/10/15','DD/MM/RR'),'REGISTRO BITACORA 2','1',4,1,16044255);
Insert into BITACORA_CONTACTO (ID_BITACORA,BIT_FECHA,BIT_DESCRIPCION,BIT_VIGENCIA,ID_MEDIO,ID_MOTIVO,CLI_RUT) values (53,to_date('02/07/15','DD/MM/RR'),'REGISTRO BITACORA 3','1',5,2,8948642);
Insert into BITACORA_CONTACTO (ID_BITACORA,BIT_FECHA,BIT_DESCRIPCION,BIT_VIGENCIA,ID_MEDIO,ID_MOTIVO,CLI_RUT) values (54,to_date('02/07/15','DD/MM/RR'),'REGISTRO BITACORA 4','1',6,3,17046055);
Insert into BITACORA_CONTACTO (ID_BITACORA,BIT_FECHA,BIT_DESCRIPCION,BIT_VIGENCIA,ID_MEDIO,ID_MOTIVO,CLI_RUT) values (55,to_date('15/10/15','DD/MM/RR'),'REGISTRO BITACORA 5','1',1,1,13635211);
Insert into BITACORA_CONTACTO (ID_BITACORA,BIT_FECHA,BIT_DESCRIPCION,BIT_VIGENCIA,ID_MEDIO,ID_MOTIVO,CLI_RUT) values (56,to_date('15/10/15','DD/MM/RR'),'REGISTRO BITACORA 6','1',2,2,16439752);
Insert into BITACORA_CONTACTO (ID_BITACORA,BIT_FECHA,BIT_DESCRIPCION,BIT_VIGENCIA,ID_MEDIO,ID_MOTIVO,CLI_RUT) values (57,to_date('15/10/15','DD/MM/RR'),'REGISTRO BITACORA 7','1',3,3,21815820);
Insert into BITACORA_CONTACTO (ID_BITACORA,BIT_FECHA,BIT_DESCRIPCION,BIT_VIGENCIA,ID_MEDIO,ID_MOTIVO,CLI_RUT) values (58,to_date('15/10/15','DD/MM/RR'),'REGISTRO BITACORA 8','1',4,1,16947140);
Insert into BITACORA_CONTACTO (ID_BITACORA,BIT_FECHA,BIT_DESCRIPCION,BIT_VIGENCIA,ID_MEDIO,ID_MOTIVO,CLI_RUT) values (59,to_date('15/10/15','DD/MM/RR'),'REGISTRO BITACORA 9','1',5,2,14423721);
Insert into BITACORA_CONTACTO (ID_BITACORA,BIT_FECHA,BIT_DESCRIPCION,BIT_VIGENCIA,ID_MEDIO,ID_MOTIVO,CLI_RUT) values (60,to_date('15/07/15','DD/MM/RR'),'REGISTRO BITACORA 10','1',6,3,14405524);
Insert into BITACORA_CONTACTO (ID_BITACORA,BIT_FECHA,BIT_DESCRIPCION,BIT_VIGENCIA,ID_MEDIO,ID_MOTIVO,CLI_RUT) values (61,to_date('15/07/15','DD/MM/RR'),'REGISTRO BITACORA 11','1',1,1,9074608);
Insert into BITACORA_CONTACTO (ID_BITACORA,BIT_FECHA,BIT_DESCRIPCION,BIT_VIGENCIA,ID_MEDIO,ID_MOTIVO,CLI_RUT) values (62,to_date('15/07/15','DD/MM/RR'),'REGISTRO BITACORA 12','1',2,2,9053148);
Insert into BITACORA_CONTACTO (ID_BITACORA,BIT_FECHA,BIT_DESCRIPCION,BIT_VIGENCIA,ID_MEDIO,ID_MOTIVO,CLI_RUT) values (63,to_date('15/07/15','DD/MM/RR'),'REGISTRO BITACORA 13','1',3,3,22424125);
Insert into BITACORA_CONTACTO (ID_BITACORA,BIT_FECHA,BIT_DESCRIPCION,BIT_VIGENCIA,ID_MEDIO,ID_MOTIVO,CLI_RUT) values (64,to_date('15/07/15','DD/MM/RR'),'REGISTRO BITACORA 14','1',4,1,21037593);
Insert into BITACORA_CONTACTO (ID_BITACORA,BIT_FECHA,BIT_DESCRIPCION,BIT_VIGENCIA,ID_MEDIO,ID_MOTIVO,CLI_RUT) values (65,to_date('02/07/15','DD/MM/RR'),'REGISTRO BITACORA 15','1',5,2,22176844);
Insert into BITACORA_CONTACTO (ID_BITACORA,BIT_FECHA,BIT_DESCRIPCION,BIT_VIGENCIA,ID_MEDIO,ID_MOTIVO,CLI_RUT) values (66,to_date('02/07/15','DD/MM/RR'),'REGISTRO BITACORA 16','1',6,3,7455785);
Insert into BITACORA_CONTACTO (ID_BITACORA,BIT_FECHA,BIT_DESCRIPCION,BIT_VIGENCIA,ID_MEDIO,ID_MOTIVO,CLI_RUT) values (67,to_date('02/07/15','DD/MM/RR'),'REGISTRO BITACORA 17','1',1,1,6889505);
Insert into BITACORA_CONTACTO (ID_BITACORA,BIT_FECHA,BIT_DESCRIPCION,BIT_VIGENCIA,ID_MEDIO,ID_MOTIVO,CLI_RUT) values (68,to_date('02/07/15','DD/MM/RR'),'REGISTRO BITACORA 18','1',2,2,10534911);
Insert into BITACORA_CONTACTO (ID_BITACORA,BIT_FECHA,BIT_DESCRIPCION,BIT_VIGENCIA,ID_MEDIO,ID_MOTIVO,CLI_RUT) values (69,to_date('02/10/15','DD/MM/RR'),'REGISTRO BITACORA 19','1',3,3,15583472);
Insert into BITACORA_CONTACTO (ID_BITACORA,BIT_FECHA,BIT_DESCRIPCION,BIT_VIGENCIA,ID_MEDIO,ID_MOTIVO,CLI_RUT) values (70,to_date('02/10/15','DD/MM/RR'),'REGISTRO BITACORA 20','1',4,1,21454911);
Insert into BITACORA_CONTACTO (ID_BITACORA,BIT_FECHA,BIT_DESCRIPCION,BIT_VIGENCIA,ID_MEDIO,ID_MOTIVO,CLI_RUT) values (71,to_date('02/05/15','DD/MM/RR'),'REGISTRO BITACORA 21','1',5,2,7467775);
Insert into BITACORA_CONTACTO (ID_BITACORA,BIT_FECHA,BIT_DESCRIPCION,BIT_VIGENCIA,ID_MEDIO,ID_MOTIVO,CLI_RUT) values (72,to_date('02/05/15','DD/MM/RR'),'REGISTRO BITACORA 22','1',6,3,21281335);
Insert into BITACORA_CONTACTO (ID_BITACORA,BIT_FECHA,BIT_DESCRIPCION,BIT_VIGENCIA,ID_MEDIO,ID_MOTIVO,CLI_RUT) values (73,to_date('02/05/15','DD/MM/RR'),'REGISTRO BITACORA 23','1',1,1,14415535);
Insert into BITACORA_CONTACTO (ID_BITACORA,BIT_FECHA,BIT_DESCRIPCION,BIT_VIGENCIA,ID_MEDIO,ID_MOTIVO,CLI_RUT) values (74,to_date('09/10/15','DD/MM/RR'),'REGISTRO BITACORA 24','1',2,2,7035297);
Insert into BITACORA_CONTACTO (ID_BITACORA,BIT_FECHA,BIT_DESCRIPCION,BIT_VIGENCIA,ID_MEDIO,ID_MOTIVO,CLI_RUT) values (75,to_date('09/10/15','DD/MM/RR'),'REGISTRO BITACORA 25','1',3,3,22558061);
Insert into BITACORA_CONTACTO (ID_BITACORA,BIT_FECHA,BIT_DESCRIPCION,BIT_VIGENCIA,ID_MEDIO,ID_MOTIVO,CLI_RUT) values (76,to_date('09/10/15','DD/MM/RR'),'REGISTRO BITACORA 26','1',4,1,16000472);
Insert into BITACORA_CONTACTO (ID_BITACORA,BIT_FECHA,BIT_DESCRIPCION,BIT_VIGENCIA,ID_MEDIO,ID_MOTIVO,CLI_RUT) values (77,to_date('09/10/15','DD/MM/RR'),'REGISTRO BITACORA 27','1',5,2,6433225);
Insert into BITACORA_CONTACTO (ID_BITACORA,BIT_FECHA,BIT_DESCRIPCION,BIT_VIGENCIA,ID_MEDIO,ID_MOTIVO,CLI_RUT) values (78,to_date('09/10/15','DD/MM/RR'),'REGISTRO BITACORA 28','1',6,3,6918258);
Insert into BITACORA_CONTACTO (ID_BITACORA,BIT_FECHA,BIT_DESCRIPCION,BIT_VIGENCIA,ID_MEDIO,ID_MOTIVO,CLI_RUT) values (79,to_date('09/10/15','DD/MM/RR'),'REGISTRO BITACORA 29','1',1,1,7471610);
Insert into BITACORA_CONTACTO (ID_BITACORA,BIT_FECHA,BIT_DESCRIPCION,BIT_VIGENCIA,ID_MEDIO,ID_MOTIVO,CLI_RUT) values (80,to_date('09/10/15','DD/MM/RR'),'REGISTRO BITACORA 30','1',2,2,23309886);
Insert into BITACORA_CONTACTO (ID_BITACORA,BIT_FECHA,BIT_DESCRIPCION,BIT_VIGENCIA,ID_MEDIO,ID_MOTIVO,CLI_RUT) values (81,to_date('02/10/15','DD/MM/RR'),'REGISTRO BITACORA 31','1',3,3,8333032);
Insert into BITACORA_CONTACTO (ID_BITACORA,BIT_FECHA,BIT_DESCRIPCION,BIT_VIGENCIA,ID_MEDIO,ID_MOTIVO,CLI_RUT) values (82,to_date('02/10/15','DD/MM/RR'),'REGISTRO BITACORA 32','1',4,1,20866869);
Insert into BITACORA_CONTACTO (ID_BITACORA,BIT_FECHA,BIT_DESCRIPCION,BIT_VIGENCIA,ID_MEDIO,ID_MOTIVO,CLI_RUT) values (83,to_date('05/10/15','DD/MM/RR'),'REGISTRO BITACORA 33','1',5,2,22503814);
Insert into BITACORA_CONTACTO (ID_BITACORA,BIT_FECHA,BIT_DESCRIPCION,BIT_VIGENCIA,ID_MEDIO,ID_MOTIVO,CLI_RUT) values (84,to_date('05/10/15','DD/MM/RR'),'REGISTRO BITACORA 34','1',6,3,20393064);
Insert into BITACORA_CONTACTO (ID_BITACORA,BIT_FECHA,BIT_DESCRIPCION,BIT_VIGENCIA,ID_MEDIO,ID_MOTIVO,CLI_RUT) values (85,to_date('05/10/15','DD/MM/RR'),'REGISTRO BITACORA 35','1',1,1,21300628);
Insert into BITACORA_CONTACTO (ID_BITACORA,BIT_FECHA,BIT_DESCRIPCION,BIT_VIGENCIA,ID_MEDIO,ID_MOTIVO,CLI_RUT) values (86,to_date('05/10/15','DD/MM/RR'),'REGISTRO BITACORA 36','1',2,2,24617340);
Insert into BITACORA_CONTACTO (ID_BITACORA,BIT_FECHA,BIT_DESCRIPCION,BIT_VIGENCIA,ID_MEDIO,ID_MOTIVO,CLI_RUT) values (87,to_date('02/10/15','DD/MM/RR'),'REGISTRO BITACORA 37','1',3,3,9575920);
Insert into BITACORA_CONTACTO (ID_BITACORA,BIT_FECHA,BIT_DESCRIPCION,BIT_VIGENCIA,ID_MEDIO,ID_MOTIVO,CLI_RUT) values (88,to_date('02/10/15','DD/MM/RR'),'REGISTRO BITACORA 38','1',4,1,12173453);
Insert into BITACORA_CONTACTO (ID_BITACORA,BIT_FECHA,BIT_DESCRIPCION,BIT_VIGENCIA,ID_MEDIO,ID_MOTIVO,CLI_RUT) values (89,to_date('02/10/15','DD/MM/RR'),'REGISTRO BITACORA 39','1',5,2,18274953);
Insert into BITACORA_CONTACTO (ID_BITACORA,BIT_FECHA,BIT_DESCRIPCION,BIT_VIGENCIA,ID_MEDIO,ID_MOTIVO,CLI_RUT) values (90,to_date('02/09/15','DD/MM/RR'),'REGISTRO BITACORA 40','1',6,3,12362092);
Insert into BITACORA_CONTACTO (ID_BITACORA,BIT_FECHA,BIT_DESCRIPCION,BIT_VIGENCIA,ID_MEDIO,ID_MOTIVO,CLI_RUT) values (91,to_date('30/09/15','DD/MM/RR'),'REGISTRO BITACORA 41','1',1,1,6604004);
Insert into BITACORA_CONTACTO (ID_BITACORA,BIT_FECHA,BIT_DESCRIPCION,BIT_VIGENCIA,ID_MEDIO,ID_MOTIVO,CLI_RUT) values (92,to_date('30/09/15','DD/MM/RR'),'REGISTRO BITACORA 42','1',2,2,21713767);
Insert into BITACORA_CONTACTO (ID_BITACORA,BIT_FECHA,BIT_DESCRIPCION,BIT_VIGENCIA,ID_MEDIO,ID_MOTIVO,CLI_RUT) values (93,to_date('30/10/15','DD/MM/RR'),'REGISTRO BITACORA 43','1',3,3,10964217);
Insert into BITACORA_CONTACTO (ID_BITACORA,BIT_FECHA,BIT_DESCRIPCION,BIT_VIGENCIA,ID_MEDIO,ID_MOTIVO,CLI_RUT) values (94,to_date('30/10/15','DD/MM/RR'),'REGISTRO BITACORA 44','1',4,1,21425048);
Insert into BITACORA_CONTACTO (ID_BITACORA,BIT_FECHA,BIT_DESCRIPCION,BIT_VIGENCIA,ID_MEDIO,ID_MOTIVO,CLI_RUT) values (95,to_date('30/10/15','DD/MM/RR'),'REGISTRO BITACORA 45','1',5,2,6969889);
Insert into BITACORA_CONTACTO (ID_BITACORA,BIT_FECHA,BIT_DESCRIPCION,BIT_VIGENCIA,ID_MEDIO,ID_MOTIVO,CLI_RUT) values (96,to_date('30/10/15','DD/MM/RR'),'REGISTRO BITACORA 46','1',6,3,21487945);
Insert into BITACORA_CONTACTO (ID_BITACORA,BIT_FECHA,BIT_DESCRIPCION,BIT_VIGENCIA,ID_MEDIO,ID_MOTIVO,CLI_RUT) values (97,to_date('30/10/15','DD/MM/RR'),'REGISTRO BITACORA 47','1',1,1,19348480);
Insert into BITACORA_CONTACTO (ID_BITACORA,BIT_FECHA,BIT_DESCRIPCION,BIT_VIGENCIA,ID_MEDIO,ID_MOTIVO,CLI_RUT) values (98,to_date('30/10/15','DD/MM/RR'),'REGISTRO BITACORA 48','1',2,2,12084102);
Insert into BITACORA_CONTACTO (ID_BITACORA,BIT_FECHA,BIT_DESCRIPCION,BIT_VIGENCIA,ID_MEDIO,ID_MOTIVO,CLI_RUT) values (99,to_date('30/03/15','DD/MM/RR'),'REGISTRO BITACORA 49','1',3,3,14286264);
Insert into BITACORA_CONTACTO (ID_BITACORA,BIT_FECHA,BIT_DESCRIPCION,BIT_VIGENCIA,ID_MEDIO,ID_MOTIVO,CLI_RUT) values (100,to_date('30/03/15','DD/MM/RR'),'REGISTRO BITACORA 50','1',4,1,17024034);
Insert into BITACORA_CONTACTO (ID_BITACORA,BIT_FECHA,BIT_DESCRIPCION,BIT_VIGENCIA,ID_MEDIO,ID_MOTIVO,CLI_RUT) values (101,to_date('02/01/16','DD/MM/RR'),'REGISTRO BITACORA 1','1',1,1,6868859);
Insert into BITACORA_CONTACTO (ID_BITACORA,BIT_FECHA,BIT_DESCRIPCION,BIT_VIGENCIA,ID_MEDIO,ID_MOTIVO,CLI_RUT) values (102,to_date('02/01/16','DD/MM/RR'),'REGISTRO BITACORA 2','1',2,2,16044255);
Insert into BITACORA_CONTACTO (ID_BITACORA,BIT_FECHA,BIT_DESCRIPCION,BIT_VIGENCIA,ID_MEDIO,ID_MOTIVO,CLI_RUT) values (103,to_date('02/02/16','DD/MM/RR'),'REGISTRO BITACORA 3','1',3,3,8948642);
Insert into BITACORA_CONTACTO (ID_BITACORA,BIT_FECHA,BIT_DESCRIPCION,BIT_VIGENCIA,ID_MEDIO,ID_MOTIVO,CLI_RUT) values (104,to_date('02/02/16','DD/MM/RR'),'REGISTRO BITACORA 4','1',4,1,17046055);
Insert into BITACORA_CONTACTO (ID_BITACORA,BIT_FECHA,BIT_DESCRIPCION,BIT_VIGENCIA,ID_MEDIO,ID_MOTIVO,CLI_RUT) values (105,to_date('02/01/16','DD/MM/RR'),'REGISTRO BITACORA 5','1',5,2,13635211);
Insert into BITACORA_CONTACTO (ID_BITACORA,BIT_FECHA,BIT_DESCRIPCION,BIT_VIGENCIA,ID_MEDIO,ID_MOTIVO,CLI_RUT) values (106,to_date('02/01/16','DD/MM/RR'),'REGISTRO BITACORA 6','1',6,3,16439752);
Insert into BITACORA_CONTACTO (ID_BITACORA,BIT_FECHA,BIT_DESCRIPCION,BIT_VIGENCIA,ID_MEDIO,ID_MOTIVO,CLI_RUT) values (107,to_date('02/01/16','DD/MM/RR'),'REGISTRO BITACORA 7','1',1,1,21815820);
Insert into BITACORA_CONTACTO (ID_BITACORA,BIT_FECHA,BIT_DESCRIPCION,BIT_VIGENCIA,ID_MEDIO,ID_MOTIVO,CLI_RUT) values (108,to_date('02/01/16','DD/MM/RR'),'REGISTRO BITACORA 8','1',2,2,16947140);
Insert into BITACORA_CONTACTO (ID_BITACORA,BIT_FECHA,BIT_DESCRIPCION,BIT_VIGENCIA,ID_MEDIO,ID_MOTIVO,CLI_RUT) values (109,to_date('02/01/16','DD/MM/RR'),'REGISTRO BITACORA 9','1',3,3,14423721);
Insert into BITACORA_CONTACTO (ID_BITACORA,BIT_FECHA,BIT_DESCRIPCION,BIT_VIGENCIA,ID_MEDIO,ID_MOTIVO,CLI_RUT) values (110,to_date('02/04/16','DD/MM/RR'),'REGISTRO BITACORA 10','1',4,1,14405524);
Insert into BITACORA_CONTACTO (ID_BITACORA,BIT_FECHA,BIT_DESCRIPCION,BIT_VIGENCIA,ID_MEDIO,ID_MOTIVO,CLI_RUT) values (111,to_date('02/04/16','DD/MM/RR'),'REGISTRO BITACORA 11','1',5,2,9074608);
Insert into BITACORA_CONTACTO (ID_BITACORA,BIT_FECHA,BIT_DESCRIPCION,BIT_VIGENCIA,ID_MEDIO,ID_MOTIVO,CLI_RUT) values (112,to_date('02/04/16','DD/MM/RR'),'REGISTRO BITACORA 12','1',6,3,9053148);
Insert into BITACORA_CONTACTO (ID_BITACORA,BIT_FECHA,BIT_DESCRIPCION,BIT_VIGENCIA,ID_MEDIO,ID_MOTIVO,CLI_RUT) values (113,to_date('02/04/16','DD/MM/RR'),'REGISTRO BITACORA 13','1',1,1,22424125);
Insert into BITACORA_CONTACTO (ID_BITACORA,BIT_FECHA,BIT_DESCRIPCION,BIT_VIGENCIA,ID_MEDIO,ID_MOTIVO,CLI_RUT) values (114,to_date('02/04/16','DD/MM/RR'),'REGISTRO BITACORA 14','1',2,2,21037593);
Insert into BITACORA_CONTACTO (ID_BITACORA,BIT_FECHA,BIT_DESCRIPCION,BIT_VIGENCIA,ID_MEDIO,ID_MOTIVO,CLI_RUT) values (115,to_date('02/04/16','DD/MM/RR'),'REGISTRO BITACORA 15','1',3,3,22176844);
Insert into BITACORA_CONTACTO (ID_BITACORA,BIT_FECHA,BIT_DESCRIPCION,BIT_VIGENCIA,ID_MEDIO,ID_MOTIVO,CLI_RUT) values (116,to_date('02/04/16','DD/MM/RR'),'REGISTRO BITACORA 16','1',4,1,7455785);
Insert into BITACORA_CONTACTO (ID_BITACORA,BIT_FECHA,BIT_DESCRIPCION,BIT_VIGENCIA,ID_MEDIO,ID_MOTIVO,CLI_RUT) values (117,to_date('02/04/16','DD/MM/RR'),'REGISTRO BITACORA 17','1',5,2,6889505);
Insert into BITACORA_CONTACTO (ID_BITACORA,BIT_FECHA,BIT_DESCRIPCION,BIT_VIGENCIA,ID_MEDIO,ID_MOTIVO,CLI_RUT) values (118,to_date('02/04/16','DD/MM/RR'),'REGISTRO BITACORA 18','1',6,3,10534911);
Insert into BITACORA_CONTACTO (ID_BITACORA,BIT_FECHA,BIT_DESCRIPCION,BIT_VIGENCIA,ID_MEDIO,ID_MOTIVO,CLI_RUT) values (119,to_date('02/01/16','DD/MM/RR'),'REGISTRO BITACORA 19','1',1,1,15583472);
Insert into BITACORA_CONTACTO (ID_BITACORA,BIT_FECHA,BIT_DESCRIPCION,BIT_VIGENCIA,ID_MEDIO,ID_MOTIVO,CLI_RUT) values (120,to_date('02/01/16','DD/MM/RR'),'REGISTRO BITACORA 20','1',2,2,21454911);
Insert into BITACORA_CONTACTO (ID_BITACORA,BIT_FECHA,BIT_DESCRIPCION,BIT_VIGENCIA,ID_MEDIO,ID_MOTIVO,CLI_RUT) values (121,to_date('02/05/16','DD/MM/RR'),'REGISTRO BITACORA 21','1',3,3,7467775);
Insert into BITACORA_CONTACTO (ID_BITACORA,BIT_FECHA,BIT_DESCRIPCION,BIT_VIGENCIA,ID_MEDIO,ID_MOTIVO,CLI_RUT) values (122,to_date('02/05/16','DD/MM/RR'),'REGISTRO BITACORA 22','1',4,1,21281335);
Insert into BITACORA_CONTACTO (ID_BITACORA,BIT_FECHA,BIT_DESCRIPCION,BIT_VIGENCIA,ID_MEDIO,ID_MOTIVO,CLI_RUT) values (123,to_date('02/05/16','DD/MM/RR'),'REGISTRO BITACORA 23','1',5,2,14415535);
Insert into BITACORA_CONTACTO (ID_BITACORA,BIT_FECHA,BIT_DESCRIPCION,BIT_VIGENCIA,ID_MEDIO,ID_MOTIVO,CLI_RUT) values (124,to_date('02/01/16','DD/MM/RR'),'REGISTRO BITACORA 24','1',6,3,7035297);
Insert into BITACORA_CONTACTO (ID_BITACORA,BIT_FECHA,BIT_DESCRIPCION,BIT_VIGENCIA,ID_MEDIO,ID_MOTIVO,CLI_RUT) values (125,to_date('02/01/16','DD/MM/RR'),'REGISTRO BITACORA 25','1',1,1,22558061);
Insert into BITACORA_CONTACTO (ID_BITACORA,BIT_FECHA,BIT_DESCRIPCION,BIT_VIGENCIA,ID_MEDIO,ID_MOTIVO,CLI_RUT) values (126,to_date('02/01/16','DD/MM/RR'),'REGISTRO BITACORA 26','1',2,2,16000472);
Insert into BITACORA_CONTACTO (ID_BITACORA,BIT_FECHA,BIT_DESCRIPCION,BIT_VIGENCIA,ID_MEDIO,ID_MOTIVO,CLI_RUT) values (127,to_date('02/01/16','DD/MM/RR'),'REGISTRO BITACORA 27','1',3,3,6433225);
Insert into BITACORA_CONTACTO (ID_BITACORA,BIT_FECHA,BIT_DESCRIPCION,BIT_VIGENCIA,ID_MEDIO,ID_MOTIVO,CLI_RUT) values (128,to_date('02/05/16','DD/MM/RR'),'REGISTRO BITACORA 28','1',4,1,6918258);
Insert into BITACORA_CONTACTO (ID_BITACORA,BIT_FECHA,BIT_DESCRIPCION,BIT_VIGENCIA,ID_MEDIO,ID_MOTIVO,CLI_RUT) values (129,to_date('02/05/16','DD/MM/RR'),'REGISTRO BITACORA 29','1',5,2,7471610);
Insert into BITACORA_CONTACTO (ID_BITACORA,BIT_FECHA,BIT_DESCRIPCION,BIT_VIGENCIA,ID_MEDIO,ID_MOTIVO,CLI_RUT) values (130,to_date('02/05/16','DD/MM/RR'),'REGISTRO BITACORA 30','1',6,3,23309886);
Insert into BITACORA_CONTACTO (ID_BITACORA,BIT_FECHA,BIT_DESCRIPCION,BIT_VIGENCIA,ID_MEDIO,ID_MOTIVO,CLI_RUT) values (131,to_date('02/05/16','DD/MM/RR'),'REGISTRO BITACORA 31','1',1,1,8333032);
Insert into BITACORA_CONTACTO (ID_BITACORA,BIT_FECHA,BIT_DESCRIPCION,BIT_VIGENCIA,ID_MEDIO,ID_MOTIVO,CLI_RUT) values (132,to_date('02/01/16','DD/MM/RR'),'REGISTRO BITACORA 32','1',2,2,20866869);
Insert into BITACORA_CONTACTO (ID_BITACORA,BIT_FECHA,BIT_DESCRIPCION,BIT_VIGENCIA,ID_MEDIO,ID_MOTIVO,CLI_RUT) values (133,to_date('02/01/16','DD/MM/RR'),'REGISTRO BITACORA 33','1',3,3,22503814);
Insert into BITACORA_CONTACTO (ID_BITACORA,BIT_FECHA,BIT_DESCRIPCION,BIT_VIGENCIA,ID_MEDIO,ID_MOTIVO,CLI_RUT) values (134,to_date('02/01/16','DD/MM/RR'),'REGISTRO BITACORA 34','1',4,1,20393064);
Insert into BITACORA_CONTACTO (ID_BITACORA,BIT_FECHA,BIT_DESCRIPCION,BIT_VIGENCIA,ID_MEDIO,ID_MOTIVO,CLI_RUT) values (135,to_date('02/01/16','DD/MM/RR'),'REGISTRO BITACORA 35','1',5,2,21300628);
Insert into BITACORA_CONTACTO (ID_BITACORA,BIT_FECHA,BIT_DESCRIPCION,BIT_VIGENCIA,ID_MEDIO,ID_MOTIVO,CLI_RUT) values (136,to_date('02/01/16','DD/MM/RR'),'REGISTRO BITACORA 36','1',6,3,24617340);
Insert into BITACORA_CONTACTO (ID_BITACORA,BIT_FECHA,BIT_DESCRIPCION,BIT_VIGENCIA,ID_MEDIO,ID_MOTIVO,CLI_RUT) values (137,to_date('02/01/16','DD/MM/RR'),'REGISTRO BITACORA 37','1',1,1,9575920);
Insert into BITACORA_CONTACTO (ID_BITACORA,BIT_FECHA,BIT_DESCRIPCION,BIT_VIGENCIA,ID_MEDIO,ID_MOTIVO,CLI_RUT) values (138,to_date('02/01/16','DD/MM/RR'),'REGISTRO BITACORA 38','1',2,2,12173453);
Insert into BITACORA_CONTACTO (ID_BITACORA,BIT_FECHA,BIT_DESCRIPCION,BIT_VIGENCIA,ID_MEDIO,ID_MOTIVO,CLI_RUT) values (139,to_date('02/01/16','DD/MM/RR'),'REGISTRO BITACORA 39','1',3,3,18274953);
Insert into BITACORA_CONTACTO (ID_BITACORA,BIT_FECHA,BIT_DESCRIPCION,BIT_VIGENCIA,ID_MEDIO,ID_MOTIVO,CLI_RUT) values (140,to_date('02/03/16','DD/MM/RR'),'REGISTRO BITACORA 40','1',4,1,12362092);
Insert into BITACORA_CONTACTO (ID_BITACORA,BIT_FECHA,BIT_DESCRIPCION,BIT_VIGENCIA,ID_MEDIO,ID_MOTIVO,CLI_RUT) values (141,to_date('02/03/16','DD/MM/RR'),'REGISTRO BITACORA 41','1',5,2,6604004);
Insert into BITACORA_CONTACTO (ID_BITACORA,BIT_FECHA,BIT_DESCRIPCION,BIT_VIGENCIA,ID_MEDIO,ID_MOTIVO,CLI_RUT) values (142,to_date('02/03/16','DD/MM/RR'),'REGISTRO BITACORA 42','1',6,3,21713767);
Insert into BITACORA_CONTACTO (ID_BITACORA,BIT_FECHA,BIT_DESCRIPCION,BIT_VIGENCIA,ID_MEDIO,ID_MOTIVO,CLI_RUT) values (143,to_date('02/01/16','DD/MM/RR'),'REGISTRO BITACORA 43','1',1,1,10964217);
Insert into BITACORA_CONTACTO (ID_BITACORA,BIT_FECHA,BIT_DESCRIPCION,BIT_VIGENCIA,ID_MEDIO,ID_MOTIVO,CLI_RUT) values (144,to_date('02/01/16','DD/MM/RR'),'REGISTRO BITACORA 44','1',2,2,21425048);
Insert into BITACORA_CONTACTO (ID_BITACORA,BIT_FECHA,BIT_DESCRIPCION,BIT_VIGENCIA,ID_MEDIO,ID_MOTIVO,CLI_RUT) values (145,to_date('02/01/16','DD/MM/RR'),'REGISTRO BITACORA 45','1',3,3,6969889);
Insert into BITACORA_CONTACTO (ID_BITACORA,BIT_FECHA,BIT_DESCRIPCION,BIT_VIGENCIA,ID_MEDIO,ID_MOTIVO,CLI_RUT) values (146,to_date('02/01/16','DD/MM/RR'),'REGISTRO BITACORA 46','1',4,1,21487945);
Insert into BITACORA_CONTACTO (ID_BITACORA,BIT_FECHA,BIT_DESCRIPCION,BIT_VIGENCIA,ID_MEDIO,ID_MOTIVO,CLI_RUT) values (147,to_date('02/01/16','DD/MM/RR'),'REGISTRO BITACORA 47','1',5,2,19348480);
Insert into BITACORA_CONTACTO (ID_BITACORA,BIT_FECHA,BIT_DESCRIPCION,BIT_VIGENCIA,ID_MEDIO,ID_MOTIVO,CLI_RUT) values (148,to_date('02/01/16','DD/MM/RR'),'REGISTRO BITACORA 48','1',6,3,12084102);
Insert into BITACORA_CONTACTO (ID_BITACORA,BIT_FECHA,BIT_DESCRIPCION,BIT_VIGENCIA,ID_MEDIO,ID_MOTIVO,CLI_RUT) values (149,to_date('02/03/16','DD/MM/RR'),'REGISTRO BITACORA 49','1',1,1,14286264);
Insert into BITACORA_CONTACTO (ID_BITACORA,BIT_FECHA,BIT_DESCRIPCION,BIT_VIGENCIA,ID_MEDIO,ID_MOTIVO,CLI_RUT) values (150,to_date('02/03/16','DD/MM/RR'),'REGISTRO BITACORA 50','1',2,2,17024034);
Insert into BITACORA_CONTACTO (ID_BITACORA,BIT_FECHA,BIT_DESCRIPCION,BIT_VIGENCIA,ID_MEDIO,ID_MOTIVO,CLI_RUT) values (151,to_date('02/05/16','DD/MM/RR'),'REGISTRO BITACORA 1','1',3,3,6868859);
Insert into BITACORA_CONTACTO (ID_BITACORA,BIT_FECHA,BIT_DESCRIPCION,BIT_VIGENCIA,ID_MEDIO,ID_MOTIVO,CLI_RUT) values (152,to_date('02/05/16','DD/MM/RR'),'REGISTRO BITACORA 2','1',4,1,16044255);
Insert into BITACORA_CONTACTO (ID_BITACORA,BIT_FECHA,BIT_DESCRIPCION,BIT_VIGENCIA,ID_MEDIO,ID_MOTIVO,CLI_RUT) values (153,to_date('02/02/16','DD/MM/RR'),'REGISTRO BITACORA 3','1',5,2,8948642);
Insert into BITACORA_CONTACTO (ID_BITACORA,BIT_FECHA,BIT_DESCRIPCION,BIT_VIGENCIA,ID_MEDIO,ID_MOTIVO,CLI_RUT) values (154,to_date('02/02/16','DD/MM/RR'),'REGISTRO BITACORA 4','1',6,3,17046055);
Insert into BITACORA_CONTACTO (ID_BITACORA,BIT_FECHA,BIT_DESCRIPCION,BIT_VIGENCIA,ID_MEDIO,ID_MOTIVO,CLI_RUT) values (155,to_date('15/05/16','DD/MM/RR'),'REGISTRO BITACORA 5','1',1,1,13635211);
Insert into BITACORA_CONTACTO (ID_BITACORA,BIT_FECHA,BIT_DESCRIPCION,BIT_VIGENCIA,ID_MEDIO,ID_MOTIVO,CLI_RUT) values (156,to_date('15/05/16','DD/MM/RR'),'REGISTRO BITACORA 6','1',2,2,16439752);
Insert into BITACORA_CONTACTO (ID_BITACORA,BIT_FECHA,BIT_DESCRIPCION,BIT_VIGENCIA,ID_MEDIO,ID_MOTIVO,CLI_RUT) values (157,to_date('15/05/16','DD/MM/RR'),'REGISTRO BITACORA 7','1',3,3,21815820);
Insert into BITACORA_CONTACTO (ID_BITACORA,BIT_FECHA,BIT_DESCRIPCION,BIT_VIGENCIA,ID_MEDIO,ID_MOTIVO,CLI_RUT) values (158,to_date('15/05/16','DD/MM/RR'),'REGISTRO BITACORA 8','1',4,1,16947140);
Insert into BITACORA_CONTACTO (ID_BITACORA,BIT_FECHA,BIT_DESCRIPCION,BIT_VIGENCIA,ID_MEDIO,ID_MOTIVO,CLI_RUT) values (159,to_date('15/05/16','DD/MM/RR'),'REGISTRO BITACORA 9','1',5,2,14423721);
Insert into BITACORA_CONTACTO (ID_BITACORA,BIT_FECHA,BIT_DESCRIPCION,BIT_VIGENCIA,ID_MEDIO,ID_MOTIVO,CLI_RUT) values (160,to_date('15/02/16','DD/MM/RR'),'REGISTRO BITACORA 10','1',6,3,14405524);
Insert into BITACORA_CONTACTO (ID_BITACORA,BIT_FECHA,BIT_DESCRIPCION,BIT_VIGENCIA,ID_MEDIO,ID_MOTIVO,CLI_RUT) values (161,to_date('15/02/16','DD/MM/RR'),'REGISTRO BITACORA 11','1',1,1,9074608);
Insert into BITACORA_CONTACTO (ID_BITACORA,BIT_FECHA,BIT_DESCRIPCION,BIT_VIGENCIA,ID_MEDIO,ID_MOTIVO,CLI_RUT) values (162,to_date('15/02/16','DD/MM/RR'),'REGISTRO BITACORA 12','1',2,2,9053148);
Insert into BITACORA_CONTACTO (ID_BITACORA,BIT_FECHA,BIT_DESCRIPCION,BIT_VIGENCIA,ID_MEDIO,ID_MOTIVO,CLI_RUT) values (163,to_date('15/02/16','DD/MM/RR'),'REGISTRO BITACORA 13','1',3,3,22424125);
Insert into BITACORA_CONTACTO (ID_BITACORA,BIT_FECHA,BIT_DESCRIPCION,BIT_VIGENCIA,ID_MEDIO,ID_MOTIVO,CLI_RUT) values (164,to_date('15/02/16','DD/MM/RR'),'REGISTRO BITACORA 14','1',4,1,21037593);
Insert into BITACORA_CONTACTO (ID_BITACORA,BIT_FECHA,BIT_DESCRIPCION,BIT_VIGENCIA,ID_MEDIO,ID_MOTIVO,CLI_RUT) values (165,to_date('02/02/16','DD/MM/RR'),'REGISTRO BITACORA 15','1',5,2,22176844);
Insert into BITACORA_CONTACTO (ID_BITACORA,BIT_FECHA,BIT_DESCRIPCION,BIT_VIGENCIA,ID_MEDIO,ID_MOTIVO,CLI_RUT) values (166,to_date('02/02/16','DD/MM/RR'),'REGISTRO BITACORA 16','1',6,3,7455785);
Insert into BITACORA_CONTACTO (ID_BITACORA,BIT_FECHA,BIT_DESCRIPCION,BIT_VIGENCIA,ID_MEDIO,ID_MOTIVO,CLI_RUT) values (167,to_date('02/02/16','DD/MM/RR'),'REGISTRO BITACORA 17','1',1,1,6889505);
Insert into BITACORA_CONTACTO (ID_BITACORA,BIT_FECHA,BIT_DESCRIPCION,BIT_VIGENCIA,ID_MEDIO,ID_MOTIVO,CLI_RUT) values (168,to_date('02/02/16','DD/MM/RR'),'REGISTRO BITACORA 18','1',2,2,10534911);
Insert into BITACORA_CONTACTO (ID_BITACORA,BIT_FECHA,BIT_DESCRIPCION,BIT_VIGENCIA,ID_MEDIO,ID_MOTIVO,CLI_RUT) values (169,to_date('02/05/16','DD/MM/RR'),'REGISTRO BITACORA 19','1',3,3,15583472);
Insert into BITACORA_CONTACTO (ID_BITACORA,BIT_FECHA,BIT_DESCRIPCION,BIT_VIGENCIA,ID_MEDIO,ID_MOTIVO,CLI_RUT) values (170,to_date('02/05/16','DD/MM/RR'),'REGISTRO BITACORA 20','1',4,1,21454911);
Insert into BITACORA_CONTACTO (ID_BITACORA,BIT_FECHA,BIT_DESCRIPCION,BIT_VIGENCIA,ID_MEDIO,ID_MOTIVO,CLI_RUT) values (171,to_date('02/05/16','DD/MM/RR'),'REGISTRO BITACORA 21','1',5,2,7467775);
Insert into BITACORA_CONTACTO (ID_BITACORA,BIT_FECHA,BIT_DESCRIPCION,BIT_VIGENCIA,ID_MEDIO,ID_MOTIVO,CLI_RUT) values (172,to_date('02/05/16','DD/MM/RR'),'REGISTRO BITACORA 22','1',6,3,21281335);
Insert into BITACORA_CONTACTO (ID_BITACORA,BIT_FECHA,BIT_DESCRIPCION,BIT_VIGENCIA,ID_MEDIO,ID_MOTIVO,CLI_RUT) values (173,to_date('02/05/16','DD/MM/RR'),'REGISTRO BITACORA 23','1',1,1,14415535);
Insert into BITACORA_CONTACTO (ID_BITACORA,BIT_FECHA,BIT_DESCRIPCION,BIT_VIGENCIA,ID_MEDIO,ID_MOTIVO,CLI_RUT) values (174,to_date('04/05/16','DD/MM/RR'),'REGISTRO BITACORA 24','1',2,2,7035297);
Insert into BITACORA_CONTACTO (ID_BITACORA,BIT_FECHA,BIT_DESCRIPCION,BIT_VIGENCIA,ID_MEDIO,ID_MOTIVO,CLI_RUT) values (175,to_date('04/05/16','DD/MM/RR'),'REGISTRO BITACORA 25','1',3,3,22558061);
Insert into BITACORA_CONTACTO (ID_BITACORA,BIT_FECHA,BIT_DESCRIPCION,BIT_VIGENCIA,ID_MEDIO,ID_MOTIVO,CLI_RUT) values (176,to_date('04/05/16','DD/MM/RR'),'REGISTRO BITACORA 26','1',4,1,16000472);
Insert into BITACORA_CONTACTO (ID_BITACORA,BIT_FECHA,BIT_DESCRIPCION,BIT_VIGENCIA,ID_MEDIO,ID_MOTIVO,CLI_RUT) values (177,to_date('04/05/16','DD/MM/RR'),'REGISTRO BITACORA 27','1',5,2,6433225);
Insert into BITACORA_CONTACTO (ID_BITACORA,BIT_FECHA,BIT_DESCRIPCION,BIT_VIGENCIA,ID_MEDIO,ID_MOTIVO,CLI_RUT) values (178,to_date('04/05/16','DD/MM/RR'),'REGISTRO BITACORA 28','1',6,3,6918258);
Insert into BITACORA_CONTACTO (ID_BITACORA,BIT_FECHA,BIT_DESCRIPCION,BIT_VIGENCIA,ID_MEDIO,ID_MOTIVO,CLI_RUT) values (179,to_date('04/05/16','DD/MM/RR'),'REGISTRO BITACORA 29','1',1,1,7471610);
Insert into BITACORA_CONTACTO (ID_BITACORA,BIT_FECHA,BIT_DESCRIPCION,BIT_VIGENCIA,ID_MEDIO,ID_MOTIVO,CLI_RUT) values (180,to_date('04/05/16','DD/MM/RR'),'REGISTRO BITACORA 30','1',2,2,23309886);
Insert into BITACORA_CONTACTO (ID_BITACORA,BIT_FECHA,BIT_DESCRIPCION,BIT_VIGENCIA,ID_MEDIO,ID_MOTIVO,CLI_RUT) values (181,to_date('02/05/16','DD/MM/RR'),'REGISTRO BITACORA 31','1',3,3,8333032);
Insert into BITACORA_CONTACTO (ID_BITACORA,BIT_FECHA,BIT_DESCRIPCION,BIT_VIGENCIA,ID_MEDIO,ID_MOTIVO,CLI_RUT) values (182,to_date('02/05/16','DD/MM/RR'),'REGISTRO BITACORA 32','1',4,1,20866869);
Insert into BITACORA_CONTACTO (ID_BITACORA,BIT_FECHA,BIT_DESCRIPCION,BIT_VIGENCIA,ID_MEDIO,ID_MOTIVO,CLI_RUT) values (183,to_date('05/05/16','DD/MM/RR'),'REGISTRO BITACORA 33','1',5,2,22503814);
Insert into BITACORA_CONTACTO (ID_BITACORA,BIT_FECHA,BIT_DESCRIPCION,BIT_VIGENCIA,ID_MEDIO,ID_MOTIVO,CLI_RUT) values (184,to_date('05/05/16','DD/MM/RR'),'REGISTRO BITACORA 34','1',6,3,20393064);
Insert into BITACORA_CONTACTO (ID_BITACORA,BIT_FECHA,BIT_DESCRIPCION,BIT_VIGENCIA,ID_MEDIO,ID_MOTIVO,CLI_RUT) values (185,to_date('05/05/16','DD/MM/RR'),'REGISTRO BITACORA 35','1',1,1,21300628);
Insert into BITACORA_CONTACTO (ID_BITACORA,BIT_FECHA,BIT_DESCRIPCION,BIT_VIGENCIA,ID_MEDIO,ID_MOTIVO,CLI_RUT) values (186,to_date('05/05/16','DD/MM/RR'),'REGISTRO BITACORA 36','1',2,2,24617340);
Insert into BITACORA_CONTACTO (ID_BITACORA,BIT_FECHA,BIT_DESCRIPCION,BIT_VIGENCIA,ID_MEDIO,ID_MOTIVO,CLI_RUT) values (187,to_date('02/05/16','DD/MM/RR'),'REGISTRO BITACORA 37','1',3,3,9575920);
Insert into BITACORA_CONTACTO (ID_BITACORA,BIT_FECHA,BIT_DESCRIPCION,BIT_VIGENCIA,ID_MEDIO,ID_MOTIVO,CLI_RUT) values (188,to_date('02/05/16','DD/MM/RR'),'REGISTRO BITACORA 38','1',4,1,12173453);
Insert into BITACORA_CONTACTO (ID_BITACORA,BIT_FECHA,BIT_DESCRIPCION,BIT_VIGENCIA,ID_MEDIO,ID_MOTIVO,CLI_RUT) values (189,to_date('02/05/16','DD/MM/RR'),'REGISTRO BITACORA 39','1',5,2,18274953);
Insert into BITACORA_CONTACTO (ID_BITACORA,BIT_FECHA,BIT_DESCRIPCION,BIT_VIGENCIA,ID_MEDIO,ID_MOTIVO,CLI_RUT) values (190,to_date('02/04/16','DD/MM/RR'),'REGISTRO BITACORA 40','1',6,3,12362092);
Insert into BITACORA_CONTACTO (ID_BITACORA,BIT_FECHA,BIT_DESCRIPCION,BIT_VIGENCIA,ID_MEDIO,ID_MOTIVO,CLI_RUT) values (191,to_date('30/04/16','DD/MM/RR'),'REGISTRO BITACORA 41','1',1,1,6604004);
Insert into BITACORA_CONTACTO (ID_BITACORA,BIT_FECHA,BIT_DESCRIPCION,BIT_VIGENCIA,ID_MEDIO,ID_MOTIVO,CLI_RUT) values (192,to_date('30/04/16','DD/MM/RR'),'REGISTRO BITACORA 42','1',2,2,21713767);
Insert into BITACORA_CONTACTO (ID_BITACORA,BIT_FECHA,BIT_DESCRIPCION,BIT_VIGENCIA,ID_MEDIO,ID_MOTIVO,CLI_RUT) values (193,to_date('30/05/16','DD/MM/RR'),'REGISTRO BITACORA 43','1',3,3,10964217);
Insert into BITACORA_CONTACTO (ID_BITACORA,BIT_FECHA,BIT_DESCRIPCION,BIT_VIGENCIA,ID_MEDIO,ID_MOTIVO,CLI_RUT) values (194,to_date('30/05/16','DD/MM/RR'),'REGISTRO BITACORA 44','1',4,1,21425048);
Insert into BITACORA_CONTACTO (ID_BITACORA,BIT_FECHA,BIT_DESCRIPCION,BIT_VIGENCIA,ID_MEDIO,ID_MOTIVO,CLI_RUT) values (195,to_date('30/05/16','DD/MM/RR'),'REGISTRO BITACORA 45','1',5,2,6969889);
Insert into BITACORA_CONTACTO (ID_BITACORA,BIT_FECHA,BIT_DESCRIPCION,BIT_VIGENCIA,ID_MEDIO,ID_MOTIVO,CLI_RUT) values (196,to_date('30/05/16','DD/MM/RR'),'REGISTRO BITACORA 46','1',6,3,21487945);
Insert into BITACORA_CONTACTO (ID_BITACORA,BIT_FECHA,BIT_DESCRIPCION,BIT_VIGENCIA,ID_MEDIO,ID_MOTIVO,CLI_RUT) values (197,to_date('30/05/16','DD/MM/RR'),'REGISTRO BITACORA 47','1',1,1,19348480);
Insert into BITACORA_CONTACTO (ID_BITACORA,BIT_FECHA,BIT_DESCRIPCION,BIT_VIGENCIA,ID_MEDIO,ID_MOTIVO,CLI_RUT) values (198,to_date('30/05/16','DD/MM/RR'),'REGISTRO BITACORA 48','1',2,2,12084102);
Insert into BITACORA_CONTACTO (ID_BITACORA,BIT_FECHA,BIT_DESCRIPCION,BIT_VIGENCIA,ID_MEDIO,ID_MOTIVO,CLI_RUT) values (199,to_date('30/03/16','DD/MM/RR'),'REGISTRO BITACORA 49','1',3,3,14286264);
Insert into BITACORA_CONTACTO (ID_BITACORA,BIT_FECHA,BIT_DESCRIPCION,BIT_VIGENCIA,ID_MEDIO,ID_MOTIVO,CLI_RUT) values (200,to_date('30/03/16','DD/MM/RR'),'REGISTRO BITACORA 50','1',4,1,17024034);
Insert into BITACORA_CONTACTO (ID_BITACORA,BIT_FECHA,BIT_DESCRIPCION,BIT_VIGENCIA,ID_MEDIO,ID_MOTIVO,CLI_RUT) values (201,to_date('25/04/16','DD/MM/RR'),'REGISTRO BITACORA 50','1',4,1,17024034);

COMMIT;





